date,ticker,close
2024-10-07,000660.KS,182578.359375
2024-10-08,000660.KS,175764.984375
2024-10-10,000660.KS,184355.75
2024-10-11,000660.KS,183664.546875
2024-10-14,000660.KS,183664.546875
2024-10-15,000660.KS,190477.90625
2024-10-16,000660.KS,186330.65625
2024-10-17,000660.KS,193538.984375
2024-10-18,000660.KS,184948.234375
2024-10-21,000660.KS,188503.015625
2024-10-22,000660.KS,185441.921875
2024-10-23,000660.KS,193538.984375
2024-10-24,000660.KS,195711.34375
2024-10-25,000660.KS,198476.203125
2024-10-28,000660.KS,193538.984375
2024-10-29,000660.KS,187910.546875
2024-10-30,000660.KS,192551.53125
2024-10-31,000660.KS,183960.765625
2024-11-01,000660.KS,179912.234375
2024-11-04,000660.KS,191564.078125
2024-11-05,000660.KS,190774.15625
2024-11-06,000660.KS,193341.5
2024-11-07,000660.KS,193341.5
2024-11-08,000660.KS,197982.484375
2024-11-11,000660.KS,190181.671875
2024-11-12,000660.KS,183467.0625
2024-11-13,000660.KS,180603.46875
2024-11-14,000660.KS,170827.78125
2024-11-15,000660.KS,175962.484375
2024-11-18,000660.KS,169544.109375
2024-11-19,000660.KS,168457.921875
2024-11-20,000660.KS,168457.921875
2024-11-21,000660.KS,166680.53125
2024-11-22,000660.KS,174481.3125
2024-11-25,000660.KS,174777.546875
2024-11-26,000660.KS,174876.296875
2024-11-27,000660.KS,166186.78125
2024-11-28,000660.KS,159077.171875
2024-11-29,000660.KS,157892.25
2024-12-02,000660.KS,156806.0625
2024-12-03,000660.KS,162829.5
2024-12-04,000660.KS,165890.5625
2024-12-05,000660.KS,170827.78125
2024-12-06,000660.KS,165001.84375
2024-12-09,000660.KS,166779.25
2024-12-10,000660.KS,168260.4375
2024-12-11,000660.KS,169642.84375
2024-12-12,000660.KS,173888.859375
2024-12-13,000660.KS,173296.375
2024-12-16,000660.KS,177048.65625
2024-12-17,000660.KS,181689.65625
2024-12-18,000660.KS,181195.9375
2024-12-19,000660.KS,172802.65625
2024-12-20,000660.KS,166384.28125
2024-12-23,000660.KS,167470.46875
2024-12-24,000660.KS,166384.28125
2024-12-26,000660.KS,167964.1875
2024-12-27,000660.KS,172308.9375
2024-12-30,000660.KS,171716.46875
2025-01-02,000660.KS,169050.375
2025-01-03,000660.KS,179616.046875
2025-01-06,000660.KS,197291.28125
2025-01-07,000660.KS,192551.53125
2025-01-08,000660.KS,192255.3125
2025-01-09,000660.KS,202425.984375
2025-01-10,000660.KS,200944.828125
2025-01-13,000660.KS,191860.34375
2025-01-14,000660.KS,192551.53125
2025-01-15,000660.KS,195711.34375
2025-01-16,000660.KS,207363.1875
2025-01-17,000660.KS,211806.6875
2025-01-20,000660.KS,209338.09375
2025-01-21,000660.KS,215262.734375
2025-01-22,000660.KS,222668.578125
2025-01-23,000660.KS,216743.921875
2025-01-24,000660.KS,218225.078125
2025-01-31,000660.KS,196698.828125
2025-02-03,000660.KS,188503.015625
2025-02-04,000660.KS,188700.5
2025-02-05,000660.KS,196303.828125
2025-02-06,000660.KS,200944.828125
2025-02-07,000660.KS,200451.09375
2025-02-10,000660.KS,195612.59375
2025-02-11,000660.KS,197192.515625
2025-02-12,000660.KS,196402.578125
2025-02-13,000660.KS,205882.03125
2025-02-14,000660.KS,207363.1875
2025-02-17,000660.KS,209338.09375
2025-02-18,000660.KS,207363.1875
2025-02-19,000660.KS,215756.484375
2025-02-20,000660.KS,209338.09375
2025-02-21,000660.KS,206869.46875
2025-02-24,000660.KS,202425.984375
2025-02-25,000660.KS,197982.484375
2025-02-26,000660.KS,200451.09375
2025-02-27,000660.KS,197970.515625
2025-02-28,000660.KS,189026.046875
2025-03-04,000660.KS,184951.375
2025-03-05,000660.KS,191908.15625
2025-03-06,000660.KS,191212.46875
2025-03-07,000660.KS,191212.46875
2025-03-10,000660.KS,186740.234375
2025-03-11,000660.KS,186640.84375
2025-03-12,000660.KS,197672.359375
2025-03-13,000660.KS,198467.40625
2025-03-14,000660.KS,203237.78125
2025-03-17,000660.KS,204728.53125
2025-03-18,000660.KS,201747.046875
2025-03-19,000660.KS,204231.625
2025-03-20,000660.KS,208703.828125
2025-03-21,000660.KS,214169.890625
2025-03-24,000660.KS,210194.59375
2025-03-25,000660.KS,206716.171875
2025-03-26,000660.KS,212679.15625
2025-03-27,000660.KS,205722.359375
2025-03-28,000660.KS,198069.859375
2025-03-31,000660.KS,189522.953125
2025-04-01,000660.KS,195784.0625
2025-04-02,000660.KS,196678.515625
2025-04-03,000660.KS,193398.890625
2025-04-04,000660.KS,181075.40625
2025-04-07,000660.KS,163782.828125
2025-04-08,000660.KS,168453.8125
2025-04-09,000660.KS,163981.5625
2025-04-10,000660.KS,182069.25
2025-04-11,000660.KS,179684.0625
2025-04-14,000660.KS,179087.765625
2025-04-15,000660.KS,179485.296875
2025-04-16,000660.KS,172926.046875
2025-04-17,000660.KS,173919.859375
2025-04-18,000660.KS,173919.859375
2025-04-21,000660.KS,175509.984375
2025-04-22,000660.KS,172727.265625
2025-04-23,000660.KS,179882.828125
2025-04-24,000660.KS,177199.5
2025-04-25,000660.KS,183261.859375
2025-04-28,000660.KS,180876.671875
2025-04-29,000660.KS,179684.0625
2025-04-30,000660.KS,176404.421875
2025-05-02,000660.KS,184851.96875
2025-05-07,000660.KS,189622.328125
2025-05-08,000660.KS,189125.421875
2025-05-09,000660.KS,188926.65625
2025-05-12,000660.KS,193796.40625
2025-05-13,000660.KS,197274.828125
2025-05-14,000660.KS,204728.53125
2025-05-15,000660.KS,199262.484375
2025-05-16,000660.KS,203237.78125
2025-05-19,000660.KS,198169.265625
2025-05-20,000660.KS,200753.21875
2025-05-21,000660.KS,199262.484375
2025-05-22,000660.KS,195684.71875
2025-05-23,000660.KS,198765.5625
2025-05-26,000660.KS,201747.046875
2025-05-27,000660.KS,201250.140625
2025-05-28,000660.KS,206716.171875
2025-05-29,000660.KS,211072.03125
2025-05-30,000660.KS,203604.859375
2025-06-02,000660.KS,206591.734375
2025-06-04,000660.KS,216547.953125
2025-06-05,000660.KS,223517.328125
2025-06-09,000660.KS,227997.609375
2025-06-10,000660.KS,229491.046875
2025-06-11,000660.KS,238949.46875
2025-06-12,000660.KS,234469.15625
2025-06-13,000660.KS,234469.15625
2025-06-16,000660.KS,246914.4375
2025-06-17,000660.KS,247910.0625
2025-06-18,000660.KS,245421.015625
2025-06-19,000660.KS,244923.21875
2025-06-20,000660.KS,255875.0625
2025-06-23,000660.KS,258364.109375
2025-06-24,000660.KS,277280.9375
2025-06-25,000660.KS,284748.09375
2025-06-26,000660.KS,291717.46875
2025-06-27,000660.KS,282756.875
2025-06-30,000660.KS,290721.84375
2025-07-01,000660.KS,284250.3125
2025-07-02,000660.KS,277778.75
2025-07-03,000660.KS,277280.9375
2025-07-04,000660.KS,269315.96875
2025-07-07,000660.KS,269813.75
2025-07-08,000660.KS,280765.625
2025-07-09,000660.KS,279770.03125
2025-07-10,000660.KS,295699.96875
2025-07-11,000660.KS,293210.875
2025-07-14,000660.KS,298686.84375
2025-07-15,000660.KS,297193.40625
2025-07-16,000660.KS,294704.34375
2025-07-17,000660.KS,268320.34375
2025-07-18,000660.KS,267822.53125
2025-07-21,000660.KS,271307.1875
2025-07-22,000660.KS,267324.6875
2025-07-23,000660.KS,267822.53125
2025-07-24,000660.KS,268320.34375
2025-07-25,000660.KS,264835.65625
2025-07-28,000660.KS,260853.171875
2025-07-29,000660.KS,261350.984375
2025-07-30,000660.KS,262346.59375
2025-07-31,000660.KS,272302.84375
2025-08-01,000660.KS,256870.6875
2025-08-04,000660.KS,256870.6875
2025-08-05,000660.KS,262346.59375
2025-08-06,000660.KS,257368.484375
2025-08-07,000660.KS,260853.171875
2025-08-08,000660.KS,255377.234375
2025-08-11,000660.KS,265831.3125
2025-08-12,000660.KS,267822.53125
2025-08-13,000660.KS,276783.15625
2025-08-14,000660.KS,275289.71875
2025-08-18,000660.KS,266329.0625
2025-08-19,000660.KS,261848.796875
2025-08-20,000660.KS,254381.609375
2025-08-21,000660.KS,243927.578125
2025-08-22,000660.KS,249901.328125
2025-08-25,000660.KS,258364.109375
2025-08-26,000660.KS,260355.34375
2025-08-27,000660.KS,258861.921875
2025-08-28,000660.KS,267710.84375
2025-08-29,000660.KS,268209.375
2025-09-01,000660.KS,255247.578125
2025-09-02,000660.KS,259734.359375
2025-09-03,000660.KS,261728.46875
2025-09-04,000660.KS,264719.65625
2025-09-05,000660.KS,272696.15625
2025-09-08,000660.KS,276185.84375
2025-09-09,000660.KS,287153.5
2025-09-10,000660.KS,303106.5
2025-09-11,000660.KS,306097.71875
2025-09-12,000660.KS,327534.5
2025-09-15,000660.KS,330027.09375
2025-09-16,000660.KS,346977.1875
2025-09-17,000660.KS,332519.78125
2025-09-18,000660.KS,354455.15625
2025-09-22,000660.KS,349968.34375
2025-09-23,000660.KS,359939.0
2025-09-24,000660.KS,356449.25
2025-09-25,000660.KS,355452.21875
2025-09-26,000660.KS,335510.96875
2025-09-29,000660.KS,347974.25
2025-09-30,000660.KS,346478.625
2025-10-01,000660.KS,358941.9375
2025-10-02,000660.KS,394337.59375
2025-10-10,000660.KS,426742.03125
2025-10-13,000660.KS,413780.25
2025-10-14,000660.KS,410290.53125
2025-10-15,000660.KS,421258.21875
2025-10-16,000660.KS,451170.03125
2025-10-17,000660.KS,464131.8125
2025-10-20,000660.KS,484073.0625
2025-10-21,000660.KS,477592.15625
2025-10-22,000660.KS,480084.8125
2025-10-23,000660.KS,477093.59375
2025-10-24,000660.KS,508501.0
2025-10-27,000660.KS,533427.5
2025-10-28,000660.KS,519468.71875
2025-10-29,000660.KS,556359.9375
2025-10-30,000660.KS,566330.5625
2025-10-31,000660.KS,557357.0
2025-11-03,000660.KS,618177.6875
2025-11-04,000660.KS,584277.6875
2025-11-05,000660.KS,577298.25
2025-11-06,000660.KS,591257.125
2025-11-07,000660.KS,578295.25
2025-11-10,000660.KS,604218.8125
2025-11-11,000660.KS,617180.625
2025-11-12,000660.KS,615186.5
2025-11-13,000660.KS,610201.3125
2025-11-14,000660.KS,558354.125
2025-11-17,000660.KS,604218.8125
2025-11-18,000660.KS,568324.6875
2025-11-19,000660.KS,560348.25
2025-11-20,000660.KS,569321.75
2025-11-21,000660.KS,519468.71875
2025-11-24,000660.KS,518471.65625
2025-11-25,000660.KS,517474.59375
2025-11-26,000660.KS,522459.875
2025-11-27,000660.KS,542789.5625
2025-11-28,000660.KS,528820.6875
2025-12-01,000660.KS,536802.9375
2025-12-02,000660.KS,556758.375
2025-12-03,000660.KS,550771.75
2025-12-04,000660.KS,540794.0
2025-12-05,000660.KS,542789.5625
2025-12-08,000660.KS,575716.125
2025-12-09,000660.KS,564740.625
2025-12-10,000660.KS,585693.875
2025-12-11,000660.KS,563742.875
2025-12-12,000660.KS,569729.5
2025-12-15,000660.KS,552767.3125
2025-12-16,000660.KS,528820.6875
2025-12-17,000660.KS,549774.0
2025-12-18,000660.KS,550771.75
2025-12-19,000660.KS,545782.9375
2025-12-22,000660.KS,578709.4375
2025-12-23,000660.KS,582700.5625
2025-12-24,000660.KS,586691.6875
2025-12-26,000660.KS,597667.25
2025-12-29,000660.KS,638576.0
2025-12-30,000660.KS,649551.5625
2026-01-02,000660.KS,675493.625
2026-01-05,000660.KS,694451.375
2026-01-06,000660.KS,724384.625
2026-01-07,000660.KS,740349.0
2026-01-08,000660.KS,754317.875
2026-01-09,000660.KS,742344.5625
2026-01-12,000660.KS,747333.375
2026-01-13,000660.KS,736357.875
2026-01-14,000660.KS,740349.0
2026-01-15,000660.KS,747333.375
2026-01-16,000660.KS,754317.875
2026-01-19,000660.KS,762300.0
2026-01-20,000660.KS,741346.75
2026-01-21,000660.KS,738353.375
2026-01-22,000660.KS,753320.0625
2026-01-23,000660.KS,765293.375
2026-01-26,000660.KS,734362.3125
2026-01-27,000660.KS,798219.9375
2026-01-28,000660.KS,839128.6875
2026-01-29,000660.KS,859084.25
2026-01-30,000660.KS,906977.375
2026-02-02,000660.KS,828153.1875
2026-02-03,000660.KS,904981.875
2026-02-04,000660.KS,897997.4375
2026-02-05,000660.KS,840126.5
2026-02-06,000660.KS,837133.1875
2026-02-09,000660.KS,885026.375
2026-02-10,000660.KS,874050.875
2026-02-11,000660.KS,858086.375
2026-02-12,000660.KS,886024.125
2026-02-13,000660.KS,878041.9375
2026-02-19,000660.KS,892010.75
2026-02-20,000660.KS,946888.375
2026-02-23,000660.KS,948883.9375
2026-02-24,000660.KS,1002763.8125
2026-02-25,000660.KS,1015734.875
2026-02-26,000660.KS,1098578.0
2026-02-27,000660.KS,1060592.625
2026-03-03,000660.KS,938639.5
2026-03-04,000660.KS,848674.0625
2026-03-05,000660.KS,940638.75
2026-03-06,000660.KS,923645.25
2026-03-09,000660.KS,835679.0625
2026-03-10,000660.KS,937639.875
2026-03-11,000660.KS,954633.3125
2026-03-12,000660.KS,929642.9375
2026-03-13,000660.KS,909650.625
2026-03-16,000660.KS,973626.0
2026-03-17,000660.KS,969627.5625
2026-03-18,000660.KS,1055594.625
2026-03-19,000660.KS,1012611.0625
2026-03-20,000660.KS,1006613.375
2026-03-23,000660.KS,932641.75
2026-03-24,000660.KS,985621.4375
2026-03-25,000660.KS,994617.9375
2026-03-26,000660.KS,932641.75
2026-03-27,000660.KS,932641.75
2026-03-30,000660.KS,872664.8125
2026-03-31,000660.KS,806690.125
2026-04-01,000660.KS,896655.5625
2026-04-02,000660.KS,829681.375
2026-04-03,000660.KS,875663.6875
2026-04-06,000660.KS,885659.8125
2026-04-07,000660.KS,915648.3125
2026-04-08,000660.KS,1032603.4375
2026-04-09,000660.KS,997616.8125
2026-04-10,000660.KS,1026605.6875
2026-04-13,000660.KS,1039600.6875
2026-04-14,000660.KS,1102576.5
2026-04-15,000660.KS,1135563.875
2026-04-16,000660.KS,1154556.5
2026-04-17,000660.KS,1127566.875
2026-04-20,000660.KS,1165552.25
2026-04-21,000660.KS,1223530.125
2026-04-22,000660.KS,1222530.375
2026-04-23,000660.KS,1224529.75
2026-04-24,000660.KS,1221530.875
2026-04-27,000660.KS,1291504.0
2026-04-28,000660.KS,1299500.875
2026-04-29,000660.KS,1292503.625
2026-04-30,000660.KS,1285506.25
2026-05-04,000660.KS,1446444.5
2026-05-06,000660.KS,1600385.375
2026-05-07,000660.KS,1653365.0
2026-05-08,000660.KS,1685352.75
2026-05-11,000660.KS,1879278.125
2026-05-12,000660.KS,1834295.5
2026-05-13,000660.KS,1975241.375
2026-05-14,000660.KS,1969243.625
2026-05-15,000660.KS,1818301.625
2026-05-18,000660.KS,1839293.625
2026-05-19,000660.KS,1744330.0
2026-05-20,000660.KS,1744330.0
2026-05-21,000660.KS,1939255.125
2026-05-22,000660.KS,1940254.75
2026-05-26,000660.KS,2051212.125
2026-05-27,000660.KS,2242138.75
2026-05-28,000660.KS,2288503.75
2026-05-29,000660.KS,2332494.25
2026-06-01,000660.KS,2362487.75
2026-06-02,000660.KS,2359488.5
2026-06-04,000660.KS,2297501.75
2026-06-05,000660.KS,2069551.25
2026-06-08,000660.KS,1910585.75
2026-06-09,000660.KS,2214519.75
2026-06-10,000660.KS,2047556.0
2026-06-11,000660.KS,2100544.5
2026-06-12,000660.KS,2149534.0
2026-06-15,000660.KS,2287504.0
2026-06-16,000660.KS,2381483.75
2026-06-17,000660.KS,2520453.5
2026-06-18,000660.KS,2684418.0
2026-06-19,000660.KS,2763400.75
2026-06-22,000660.KS,2918367.25
2026-06-23,000660.KS,2554446.0
2026-06-24,000660.KS,2620431.75
2026-06-25,000660.KS,2916367.75
2026-06-26,000660.KS,2672420.5
2026-06-29,000660.KS,2627430.25
2026-06-30,000660.KS,2649425.5
2026-07-01,000660.KS,2559445.0
2026-07-02,000660.KS,2186526.0
2026-07-03,000660.KS,2424474.25
2026-07-06,000660.KS,2342492.0
2026-07-07,000660.KS,2200522.75
2026-07-08,000660.KS,2075550.0
2026-07-09,000660.KS,2185526.0
2026-07-10,000660.KS,2179527.5
2026-07-13,000660.KS,1844600.0
2026-07-14,000660.KS,1912585.25
2026-07-15,000660.KS,2081548.625
2026-07-16,000660.KS,1841600.625
2026-07-20,000660.KS,1763617.625
2026-07-21,000660.KS,1835602.0
2026-07-22,000660.KS,1829603.25
2026-07-23,000660.KS,1918584.0
2026-07-24,000660.KS,1758618.625
2026-07-27,000660.KS,1815606.375
2026-07-28,000660.KS,1549664.0
2026-07-29,000660.KS,1400696.25
2026-07-30,000660.KS,1321713.375
2026-07-31,000660.KS,1717627.625
2026-08-03,000660.KS,1566660.25
2026-08-04,000660.KS,1576658.125
2026-08-05,000660.KS,1667638.375
2026-08-06,000660.KS,1494675.875
2026-08-07,000660.KS,1421691.75
2026-08-10,000660.KS,1419692.125
2026-08-11,000660.KS,1424691.125
2026-08-12,000660.KS,1503674.0
2026-08-13,000660.KS,1592654.625
2026-08-14,000660.KS,1644643.375
2026-08-18,000660.KS,1661639.75
2026-08-19,000660.KS,1499674.875
2026-08-20,000660.KS,1690633.375
2026-08-21,000660.KS,1729625.0
2026-08-24,000660.KS,1670637.75
2026-08-25,000660.KS,1677636.25
2026-08-26,000660.KS,1687634.125
2026-08-27,000660.KS,1729625.0
2026-08-28,000660.KS,1653000.0
2026-08-31,000660.KS,1674000.0
2026-09-01,000660.KS,1693000.0
2026-09-02,000660.KS,1613000.0
2026-09-03,000660.KS,1596000.0
2026-09-04,000660.KS,1647000.0
2026-09-07,000660.KS,1783000.0
2026-09-08,000660.KS,1793000.0
2026-09-09,000660.KS,1856000.0
2026-09-10,000660.KS,1853000.0
2026-09-11,000660.KS,1812000.0
2026-09-14,000660.KS,1697000.0
2026-09-15,000660.KS,1690000.0
2026-09-16,000660.KS,1759000.0
2026-09-17,000660.KS,1745000.0
2026-09-18,000660.KS,1857000.0
2026-09-21,000660.KS,1868000.0
2026-09-22,000660.KS,1840000.0
2026-09-23,000660.KS,1862000.0
2026-09-28,000660.KS,1768000.0
2026-09-29,000660.KS,1765000.0
2026-09-30,000660.KS,1776000.0
2026-10-01,000660.KS,1833000.0
2026-10-02,000660.KS,1841000.0
2024-10-07,005930.KS,59119.97265625
2024-10-08,005930.KS,58441.546875
2024-10-10,005930.KS,57084.6953125
2024-10-11,005930.KS,57472.36328125
2024-10-14,005930.KS,57472.36328125
2024-10-15,005930.KS,59119.97265625
2024-10-16,005930.KS,57666.203125
2024-10-17,005930.KS,57860.03515625
2024-10-18,005930.KS,57375.4453125
2024-10-21,005930.KS,57181.609375
2024-10-22,005930.KS,55921.671875
2024-10-23,005930.KS,57278.52734375
2024-10-24,005930.KS,54855.58203125
2024-10-25,005930.KS,54177.15625
2024-10-28,005930.KS,56309.34765625
2024-10-29,005930.KS,57763.1171875
2024-10-30,005930.KS,57278.52734375
2024-10-31,005930.KS,57375.4453125
2024-11-01,005930.KS,56503.18359375
2024-11-04,005930.KS,56890.85546875
2024-11-05,005930.KS,55824.7578125
2024-11-06,005930.KS,55534.0078125
2024-11-07,005930.KS,55534.0078125
2024-11-08,005930.KS,55243.25390625
2024-11-11,005930.KS,53304.890625
2024-11-12,005930.KS,51366.53125
2024-11-13,005930.KS,49040.5
2024-11-14,005930.KS,48362.078125
2024-11-15,005930.KS,51851.1171875
2024-11-18,005930.KS,54952.4921875
2024-11-19,005930.KS,54564.82421875
2024-11-20,005930.KS,53595.64453125
2024-11-21,005930.KS,54661.74609375
2024-11-22,005930.KS,54274.0703125
2024-11-25,005930.KS,56115.5078125
2024-11-26,005930.KS,56503.18359375
2024-11-27,005930.KS,54564.82421875
2024-11-28,005930.KS,53789.4765625
2024-11-29,005930.KS,52529.55078125
2024-12-02,005930.KS,51948.0390625
2024-12-03,005930.KS,51948.0390625
2024-12-04,005930.KS,51463.44921875
2024-12-05,005930.KS,52044.95703125
2024-12-06,005930.KS,52432.6328125
2024-12-09,005930.KS,51754.20703125
2024-12-10,005930.KS,52335.7109375
2024-12-11,005930.KS,52335.7109375
2024-12-12,005930.KS,54177.15625
2024-12-13,005930.KS,54370.98828125
2024-12-16,005930.KS,53886.3984375
2024-12-17,005930.KS,52529.55078125
2024-12-18,005930.KS,53207.97265625
2024-12-19,005930.KS,51463.44921875
2024-12-20,005930.KS,51366.53125
2024-12-23,005930.KS,51851.1171875
2024-12-24,005930.KS,52723.3828125
2024-12-26,005930.KS,51948.0390625
2024-12-27,005930.KS,52399.828125
2024-12-30,005930.KS,51911.93359375
2025-01-02,005930.KS,52107.09375
2025-01-03,005930.KS,53082.8828125
2025-01-06,005930.KS,54546.56640625
2025-01-07,005930.KS,54058.671875
2025-01-08,005930.KS,55912.671875
2025-01-09,005930.KS,54741.71875
2025-01-10,005930.KS,53961.08984375
2025-01-13,005930.KS,52790.1484375
2025-01-14,005930.KS,52594.98828125
2025-01-15,005930.KS,52399.828125
2025-01-16,005930.KS,52985.3046875
2025-01-17,005930.KS,52399.828125
2025-01-20,005930.KS,52107.09375
2025-01-21,005930.KS,52204.671875
2025-01-22,005930.KS,52985.3046875
2025-01-23,005930.KS,52399.828125
2025-01-24,005930.KS,52399.828125
2025-01-31,005930.KS,51131.3046875
2025-02-03,005930.KS,49765.203125
2025-02-04,005930.KS,51424.046875
2025-02-05,005930.KS,51619.19921875
2025-02-06,005930.KS,52692.5703125
2025-02-07,005930.KS,52399.828125
2025-02-10,005930.KS,54253.83203125
2025-02-11,005930.KS,54351.41015625
2025-02-12,005930.KS,54448.98828125
2025-02-13,005930.KS,54448.98828125
2025-02-14,005930.KS,54644.14453125
2025-02-17,005930.KS,54644.14453125
2025-02-18,005930.KS,55522.35546875
2025-02-19,005930.KS,57278.7734375
2025-02-20,005930.KS,56986.03515625
2025-02-21,005930.KS,56790.875
2025-02-24,005930.KS,55912.671875
2025-02-25,005930.KS,55815.0859375
2025-02-26,005930.KS,55229.61328125
2025-02-27,005930.KS,54936.87890625
2025-02-28,005930.KS,53180.46484375
2025-03-04,005930.KS,53180.46484375
2025-03-05,005930.KS,52692.5703125
2025-03-06,005930.KS,52985.3046875
2025-03-07,005930.KS,52399.828125
2025-03-10,005930.KS,52399.828125
2025-03-11,005930.KS,52302.25
2025-03-12,005930.KS,53570.77734375
2025-03-13,005930.KS,53375.6171875
2025-03-14,005930.KS,53375.6171875
2025-03-17,005930.KS,56205.40234375
2025-03-18,005930.KS,56205.40234375
2025-03-19,005930.KS,57083.61328125
2025-03-20,005930.KS,58742.45703125
2025-03-21,005930.KS,60206.13671875
2025-03-24,005930.KS,59035.19140625
2025-03-25,005930.KS,58352.140625
2025-03-26,005930.KS,59913.40234375
2025-03-27,005930.KS,60303.71484375
2025-03-28,005930.KS,59091.4609375
2025-03-31,005930.KS,56735.6484375
2025-04-01,005930.KS,57717.23828125
2025-04-02,005930.KS,57717.23828125
2025-04-03,005930.KS,56539.33203125
2025-04-04,005930.KS,55066.953125
2025-04-07,005930.KS,52220.35546875
2025-04-08,005930.KS,52514.83203125
2025-04-09,005930.KS,52024.0390625
2025-04-10,005930.KS,55361.43359375
2025-04-11,005930.KS,54183.53125
2025-04-14,005930.KS,55165.1171875
2025-04-15,005930.KS,55557.74609375
2025-04-16,005930.KS,53692.734375
2025-04-17,005930.KS,54085.37109375
2025-04-18,005930.KS,54281.6875
2025-04-21,005930.KS,54379.84765625
2025-04-22,005930.KS,53987.2109375
2025-04-23,005930.KS,54674.32421875
2025-04-24,005930.KS,54674.32421875
2025-04-25,005930.KS,54674.32421875
2025-04-28,005930.KS,54772.484375
2025-04-29,005930.KS,54772.484375
2025-04-30,005930.KS,54478.0078125
2025-05-02,005930.KS,53300.10546875
2025-05-07,005930.KS,53594.57421875
2025-05-08,005930.KS,53594.57421875
2025-05-09,005930.KS,53790.89453125
2025-05-12,005930.KS,56539.33203125
2025-05-13,005930.KS,55852.2265625
2025-05-14,005930.KS,56343.015625
2025-05-15,005930.KS,56244.86328125
2025-05-16,005930.KS,55754.0625
2025-05-19,005930.KS,54772.484375
2025-05-20,005930.KS,54870.640625
2025-05-21,005930.KS,54674.32421875
2025-05-22,005930.KS,53692.734375
2025-05-23,005930.KS,53201.9453125
2025-05-26,005930.KS,53692.734375
2025-05-27,005930.KS,52907.46875
2025-05-28,005930.KS,54870.640625
2025-05-29,005930.KS,55066.953125
2025-05-30,005930.KS,55165.1171875
2025-06-02,005930.KS,55754.0625
2025-06-04,005930.KS,56735.6484375
2025-06-05,005930.KS,58011.7109375
2025-06-09,005930.KS,58698.82421875
2025-06-10,005930.KS,58109.8671875
2025-06-11,005930.KS,58796.984375
2025-06-12,005930.KS,58404.34765625
2025-06-13,005930.KS,57226.4453125
2025-06-16,005930.KS,56146.69921875
2025-06-17,005930.KS,57030.125
2025-06-18,005930.KS,58698.82421875
2025-06-19,005930.KS,58109.8671875
2025-06-20,005930.KS,58404.34765625
2025-06-23,005930.KS,56931.96875
2025-06-24,005930.KS,59385.93359375
2025-06-25,005930.KS,60171.203125
2025-06-26,005930.KS,59091.4609375
2025-06-27,005930.KS,60046.47265625
2025-06-30,005930.KS,59058.8671875
2025-07-01,005930.KS,59453.91015625
2025-07-02,005930.KS,60046.47265625
2025-07-03,005930.KS,63009.29296875
2025-07-04,005930.KS,62515.48828125
2025-07-07,005930.KS,60935.3203125
2025-07-08,005930.KS,60639.0390625
2025-07-09,005930.KS,59651.4296875
2025-07-10,005930.KS,60243.99609375
2025-07-11,005930.KS,61824.16796875
2025-07-14,005930.KS,61725.40234375
2025-07-15,005930.KS,62910.53515625
2025-07-16,005930.KS,63898.140625
2025-07-17,005930.KS,65873.359375
2025-07-18,005930.KS,66268.390625
2025-07-21,005930.KS,66959.71875
2025-07-22,005930.KS,65182.03125
2025-07-23,005930.KS,65577.0703125
2025-07-24,005930.KS,65182.03125
2025-07-25,005930.KS,65083.26953125
2025-07-28,005930.KS,69527.4921875
2025-07-29,005930.KS,69725.0078125
2025-07-30,005930.KS,71700.234375
2025-07-31,005930.KS,70515.1015625
2025-08-01,005930.KS,68046.078125
2025-08-04,005930.KS,68836.171875
2025-08-05,005930.KS,69033.6875
2025-08-06,005930.KS,67947.3203125
2025-08-07,005930.KS,69626.25
2025-08-08,005930.KS,70910.1484375
2025-08-11,005930.KS,70120.0625
2025-08-12,005930.KS,70218.8203125
2025-08-13,005930.KS,71008.8984375
2025-08-14,005930.KS,70712.625
2025-08-18,005930.KS,69132.4453125
2025-08-19,005930.KS,69132.4453125
2025-08-20,005930.KS,69626.25
2025-08-21,005930.KS,69725.0078125
2025-08-22,005930.KS,70515.1015625
2025-08-25,005930.KS,70613.8671875
2025-08-26,005930.KS,69428.734375
2025-08-27,005930.KS,69725.0078125
2025-08-28,005930.KS,68737.4140625
2025-08-29,005930.KS,68836.171875
2025-09-01,005930.KS,66762.203125
2025-09-02,005930.KS,68243.609375
2025-09-03,005930.KS,68934.9296875
2025-09-04,005930.KS,69231.21875
2025-09-05,005930.KS,68638.65625
2025-09-08,005930.KS,69231.21875
2025-09-09,005930.KS,70613.8671875
2025-09-10,005930.KS,71700.234375
2025-09-11,005930.KS,72490.3125
2025-09-12,005930.KS,74465.5234375
2025-09-15,005930.KS,75551.890625
2025-09-16,005930.KS,78415.9609375
2025-09-17,005930.KS,77230.8203125
2025-09-18,005930.KS,79304.796875
2025-09-22,005930.KS,82465.140625
2025-09-23,005930.KS,83650.2734375
2025-09-24,005930.KS,84341.59375
2025-09-25,005930.KS,85032.921875
2025-09-26,005930.KS,82267.6171875
2025-09-29,005930.KS,83527.4765625
2025-09-30,005930.KS,83229.875
2025-10-01,005930.KS,85313.1015625
2025-10-02,005930.KS,89033.1484375
2025-10-10,005930.KS,93646.0078125
2025-10-13,005930.KS,92554.796875
2025-10-14,005930.KS,90868.375
2025-10-15,005930.KS,94241.21875
2025-10-16,005930.KS,96919.65625
2025-10-17,005930.KS,97118.0625
2025-10-20,005930.KS,97316.4609375
2025-10-21,005930.KS,96721.25
2025-10-22,005930.KS,97812.4609375
2025-10-23,005930.KS,95729.2421875
2025-10-24,005930.KS,98010.8671875
2025-10-27,005930.KS,101185.3046875
2025-10-28,005930.KS,98705.28125
2025-10-29,005930.KS,99697.2890625
2025-10-30,005930.KS,103268.53125
2025-10-31,005930.KS,106641.375
2025-11-03,005930.KS,110212.6171875
2025-11-04,005930.KS,104062.140625
2025-11-05,005930.KS,99796.4921875
2025-11-06,005930.KS,98407.671875
2025-11-07,005930.KS,97118.0625
2025-11-10,005930.KS,99796.4921875
2025-11-11,005930.KS,102673.3203125
2025-11-12,005930.KS,102276.515625
2025-11-13,005930.KS,101978.9140625
2025-11-14,005930.KS,96423.6484375
2025-11-17,005930.KS,99796.4921875
2025-11-18,005930.KS,97018.859375
2025-11-19,005930.KS,95729.2421875
2025-11-20,005930.KS,99796.4921875
2025-11-21,005930.KS,94042.8125
2025-11-24,005930.KS,95927.640625
2025-11-25,005930.KS,98506.875
2025-11-26,005930.KS,101978.9140625
2025-11-27,005930.KS,102673.3203125
2025-11-28,005930.KS,99697.2890625
2025-12-01,005930.KS,99994.8984375
2025-12-02,005930.KS,102574.1171875
2025-12-03,005930.KS,103665.3359375
2025-12-04,005930.KS,104260.5390625
2025-12-05,005930.KS,107534.1875
2025-12-08,005930.KS,108625.3984375
2025-12-09,005930.KS,107534.1875
2025-12-10,005930.KS,107137.3828125
2025-12-11,005930.KS,106442.96875
2025-12-12,005930.KS,108030.1875
2025-12-15,005930.KS,103962.9375
2025-12-16,005930.KS,101978.9140625
2025-12-17,005930.KS,107038.171875
2025-12-18,005930.KS,106740.5703125
2025-12-19,005930.KS,105450.953125
2025-12-22,005930.KS,109617.4140625
2025-12-23,005930.KS,110609.421875
2025-12-24,005930.KS,110212.6171875
2025-12-26,005930.KS,116065.5
2025-12-29,005930.KS,119121.8046875
2025-12-30,005930.KS,119520.53125
2026-01-02,005930.KS,128093.3125
2026-01-05,005930.KS,137662.9375
2026-01-06,005930.KS,138460.390625
2026-01-07,005930.KS,140553.765625
2026-01-08,005930.KS,138360.703125
2026-01-09,005930.KS,138560.078125
2026-01-12,005930.KS,138360.703125
2026-01-13,005930.KS,137164.515625
2026-01-14,005930.KS,139855.96875
2026-01-15,005930.KS,143444.578125
2026-01-16,005930.KS,148428.75
2026-01-19,005930.KS,148827.484375
2026-01-20,005930.KS,144740.453125
2026-01-21,005930.KS,149026.859375
2026-01-22,005930.KS,151818.0
2026-01-23,005930.KS,151618.625
2026-01-26,005930.KS,151618.625
2026-01-27,005930.KS,158995.203125
2026-01-28,005930.KS,161886.03125
2026-01-29,005930.KS,160191.40625
2026-01-30,005930.KS,159992.046875
2026-02-02,005930.KS,149924.0
2026-02-03,005930.KS,166969.875
2026-02-04,005930.KS,168564.828125
2026-02-05,005930.KS,158795.828125
2026-02-06,005930.KS,158098.046875
2026-02-09,005930.KS,165873.359375
2026-02-10,005930.KS,165275.265625
2026-02-11,005930.KS,167268.9375
2026-02-12,005930.KS,178034.75
2026-02-13,005930.KS,180626.515625
2026-02-19,005930.KS,189398.671875
2026-02-20,005930.KS,189498.359375
2026-02-23,005930.KS,192389.171875
2026-02-24,005930.KS,199367.015625
2026-02-25,005930.KS,202855.9375
2026-02-26,005930.KS,217310.0625
2026-02-27,005930.KS,215814.8125
2026-03-03,005930.KS,194482.53125
2026-03-04,005930.KS,171655.0
2026-03-05,005930.KS,190993.609375
2026-03-06,005930.KS,187604.375
2026-03-09,005930.KS,172950.890625
2026-03-10,005930.KS,187305.328125
2026-03-11,005930.KS,189398.671875
2026-03-12,005930.KS,187305.328125
2026-03-13,005930.KS,182919.234375
2026-03-16,005930.KS,188102.796875
2026-03-17,005930.KS,193286.328125
2026-03-18,005930.KS,207840.109375
2026-03-19,005930.KS,199865.4375
2026-03-20,005930.KS,198768.921875
2026-03-23,005930.KS,185710.375
2026-03-24,005930.KS,189099.625
2026-03-25,005930.KS,188401.828125
2026-03-26,005930.KS,179530.015625
2026-03-27,005930.KS,179530.015625
2026-03-30,005930.KS,176105.78125
2026-03-31,005930.KS,167015.8125
2026-04-01,005930.KS,189441.078125
2026-04-02,005930.KS,178203.46875
2026-04-03,005930.KS,185994.875
2026-04-06,005930.KS,192887.28125
2026-04-07,005930.KS,196283.53125
2026-04-08,005930.KS,210268.109375
2026-04-09,005930.KS,203775.265625
2026-04-10,005930.KS,205773.0625
2026-04-13,005930.KS,200778.578125
2026-04-14,005930.KS,206272.515625
2026-04-15,005930.KS,210767.5625
2026-04-16,005930.KS,217260.40625
2026-04-17,005930.KS,215762.046875
2026-04-20,005930.KS,214263.703125
2026-04-21,005930.KS,218758.75
2026-04-22,005930.KS,217260.40625
2026-04-23,005930.KS,224252.6875
2026-04-24,005930.KS,219258.203125
2026-04-27,005930.KS,224252.6875
2026-04-28,005930.KS,221755.4375
2026-04-29,005930.KS,225751.03125
2026-04-30,005930.KS,220257.09375
2026-05-04,005930.KS,232243.875
2026-05-06,005930.KS,265706.96875
2026-05-07,005930.KS,271200.90625
2026-05-08,005930.KS,268204.21875
2026-05-11,005930.KS,285185.5
2026-05-12,005930.KS,278692.65625
2026-05-13,005930.KS,283687.15625
2026-05-14,005930.KS,295673.9375
2026-05-15,005930.KS,270202.0
2026-05-18,005930.KS,280690.4375
2026-05-19,005930.KS,275196.5
2026-05-20,005930.KS,275695.96875
2026-05-21,005930.KS,299170.0625
2026-05-22,005930.KS,292177.78125
2026-05-26,005930.KS,298670.625
2026-05-27,005930.KS,306661.8125
2026-05-28,005930.KS,299170.0625
2026-05-29,005930.KS,316650.78125
2026-06-01,005930.KS,348615.53125
2026-06-02,005930.KS,360102.875
2026-06-04,005930.KS,351112.78125
2026-06-05,005930.KS,328637.5625
2026-06-08,005930.KS,295174.46875
2026-06-09,005930.KS,321645.28125
2026-06-10,005930.KS,302166.75
2026-06-11,005930.KS,298670.625
2026-06-12,005930.KS,322144.71875
2026-06-15,005930.KS,336628.75
2026-06-16,005930.KS,342622.15625
2026-06-17,005930.KS,346118.28125
2026-06-18,005930.KS,362100.65625
2026-06-19,005930.KS,353610.03125
2026-06-22,005930.KS,353110.59375
2026-06-23,005930.KS,309658.5
2026-06-24,005930.KS,340124.90625
2026-06-25,005930.KS,358105.0625
2026-06-26,005930.KS,339126.0
2026-06-29,005930.KS,323000.0
2026-06-30,005930.KS,334000.0
2026-07-01,005930.KS,314500.0
2026-07-02,005930.KS,286000.0
2026-07-03,005930.KS,309500.0
2026-07-06,005930.KS,318000.0
2026-07-07,005930.KS,296000.0
2026-07-08,005930.KS,277500.0
2026-07-09,005930.KS,278000.0
2026-07-10,005930.KS,285000.0
2026-07-13,005930.KS,254500.0
2026-07-14,005930.KS,263000.0
2026-07-15,005930.KS,279500.0
2026-07-16,005930.KS,255000.0
2026-07-20,005930.KS,244000.0
2026-07-21,005930.KS,259000.0
2026-07-22,005930.KS,260500.0
2026-07-23,005930.KS,270000.0
2026-07-24,005930.KS,249500.0
2026-07-27,005930.KS,254000.0
2026-07-28,005930.KS,220000.0
2026-07-29,005930.KS,208500.0
2026-07-30,005930.KS,207000.0
2026-07-31,005930.KS,262500.0
2026-08-03,005930.KS,239500.0
2026-08-04,005930.KS,240000.0
2026-08-05,005930.KS,246000.0
2026-08-06,005930.KS,230500.0
2026-08-07,005930.KS,231000.0
2026-08-10,005930.KS,230000.0
2026-08-11,005930.KS,239500.0
2026-08-12,005930.KS,255500.0
2026-08-13,005930.KS,268000.0
2026-08-14,005930.KS,274500.0
2026-08-18,005930.KS,268500.0
2026-08-19,005930.KS,247500.0
2026-08-20,005930.KS,271000.0
2026-08-21,005930.KS,281500.0
2026-08-24,005930.KS,257000.0
2026-08-25,005930.KS,257000.0
2026-08-26,005930.KS,261500.0
2026-08-27,005930.KS,266000.0
2026-08-28,005930.KS,257000.0
2026-08-31,005930.KS,260000.0
2026-09-01,005930.KS,261000.0
2026-09-02,005930.KS,250500.0
2026-09-03,005930.KS,250000.0
2026-09-04,005930.KS,255500.0
2026-09-07,005930.KS,270000.0
2026-09-08,005930.KS,269500.0
2026-09-09,005930.KS,269500.0
2026-09-10,005930.KS,269000.0
2026-09-11,005930.KS,259500.0
2026-09-14,005930.KS,249000.0
2026-09-15,005930.KS,248500.0
2026-09-16,005930.KS,253500.0
2026-09-17,005930.KS,252500.0
2026-09-18,005930.KS,261000.0
2026-09-21,005930.KS,274000.0
2026-09-22,005930.KS,276500.0
2026-09-23,005930.KS,285500.0
2026-09-28,005930.KS,270000.0
2026-09-29,005930.KS,272500.0
2026-09-30,005930.KS,268500.0
2026-10-01,005930.KS,276000.0
2026-10-02,005930.KS,276000.0
2024-10-07,ALAB,52.54999923706055
2024-10-08,ALAB,52.959999084472656
2024-10-09,ALAB,61.220001220703125
2024-10-10,ALAB,66.11000061035156
2024-10-11,ALAB,66.69000244140625
2024-10-14,ALAB,64.95999908447266
2024-10-15,ALAB,62.470001220703125
2024-10-16,ALAB,65.58999633789062
2024-10-17,ALAB,65.98999786376953
2024-10-18,ALAB,66.87000274658203
2024-10-21,ALAB,67.18000030517578
2024-10-22,ALAB,68.29000091552734
2024-10-23,ALAB,67.80000305175781
2024-10-24,ALAB,70.30000305175781
2024-10-25,ALAB,72.66999816894531
2024-10-28,ALAB,72.87000274658203
2024-10-29,ALAB,74.06999969482422
2024-10-30,ALAB,73.5
2024-10-31,ALAB,70.16000366210938
2024-11-01,ALAB,72.6500015258789
2024-11-04,ALAB,69.6500015258789
2024-11-05,ALAB,95.91000366210938
2024-11-06,ALAB,98.16999816894531
2024-11-07,ALAB,94.48999786376953
2024-11-08,ALAB,99.30000305175781
2024-11-11,ALAB,92.25
2024-11-12,ALAB,90.75
2024-11-13,ALAB,89.30000305175781
2024-11-14,ALAB,88.48999786376953
2024-11-15,ALAB,86.44999694824219
2024-11-18,ALAB,90.37999725341797
2024-11-19,ALAB,95.18000030517578
2024-11-20,ALAB,97.41999816894531
2024-11-21,ALAB,104.12000274658203
2024-11-22,ALAB,102.27999877929688
2024-11-25,ALAB,107.30999755859375
2024-11-26,ALAB,105.4800033569336
2024-11-27,ALAB,99.5999984741211
2024-11-29,ALAB,103.25
2024-12-02,ALAB,103.38999938964844
2024-12-03,ALAB,116.51000213623047
2024-12-04,ALAB,115.2699966430664
2024-12-05,ALAB,114.68000030517578
2024-12-06,ALAB,120.4000015258789
2024-12-09,ALAB,122.02999877929688
2024-12-10,ALAB,118.16999816894531
2024-12-11,ALAB,122.62000274658203
2024-12-12,ALAB,122.44999694824219
2024-12-13,ALAB,132.13999938964844
2024-12-16,ALAB,130.47999572753906
2024-12-17,ALAB,127.94000244140625
2024-12-18,ALAB,122.47000122070312
2024-12-19,ALAB,125.27999877929688
2024-12-20,ALAB,132.1699981689453
2024-12-23,ALAB,135.57000732421875
2024-12-24,ALAB,141.60000610351562
2024-12-26,ALAB,145.80999755859375
2024-12-27,ALAB,141.52999877929688
2024-12-30,ALAB,136.4199981689453
2024-12-31,ALAB,132.4499969482422
2025-01-02,ALAB,134.6300048828125
2025-01-03,ALAB,140.92999267578125
2025-01-06,ALAB,143.63999938964844
2025-01-07,ALAB,133.60000610351562
2025-01-08,ALAB,130.77000427246094
2025-01-10,ALAB,129.6999969482422
2025-01-13,ALAB,127.19000244140625
2025-01-14,ALAB,128.4499969482422
2025-01-15,ALAB,131.77000427246094
2025-01-16,ALAB,127.9000015258789
2025-01-17,ALAB,133.3000030517578
2025-01-21,ALAB,124.41000366210938
2025-01-22,ALAB,122.94999694824219
2025-01-23,ALAB,123.7300033569336
2025-01-24,ALAB,115.55000305175781
2025-01-27,ALAB,83.16000366210938
2025-01-28,ALAB,89.62999725341797
2025-01-29,ALAB,90.43000030517578
2025-01-30,ALAB,96.87000274658203
2025-01-31,ALAB,101.41999816894531
2025-02-03,ALAB,98.12000274658203
2025-02-04,ALAB,101.7300033569336
2025-02-05,ALAB,106.56999969482422
2025-02-06,ALAB,104.51000213623047
2025-02-07,ALAB,101.29000091552734
2025-02-10,ALAB,103.29000091552734
2025-02-11,ALAB,92.04000091552734
2025-02-12,ALAB,87.5
2025-02-13,ALAB,88.19000244140625
2025-02-14,ALAB,87.8499984741211
2025-02-18,ALAB,93.2699966430664
2025-02-19,ALAB,89.9000015258789
2025-02-20,ALAB,88.43000030517578
2025-02-21,ALAB,85.72000122070312
2025-02-24,ALAB,84.62999725341797
2025-02-25,ALAB,77.73999786376953
2025-02-26,ALAB,83.0
2025-02-27,ALAB,75.75
2025-02-28,ALAB,74.3499984741211
2025-03-03,ALAB,67.68000030517578
2025-03-04,ALAB,69.62999725341797
2025-03-05,ALAB,68.56999969482422
2025-03-06,ALAB,63.4900016784668
2025-03-07,ALAB,66.91999816894531
2025-03-10,ALAB,61.70000076293945
2025-03-11,ALAB,66.05000305175781
2025-03-12,ALAB,68.81999969482422
2025-03-13,ALAB,65.31999969482422
2025-03-14,ALAB,72.18000030517578
2025-03-17,ALAB,72.05000305175781
2025-03-18,ALAB,68.88999938964844
2025-03-19,ALAB,68.88999938964844
2025-03-20,ALAB,68.97000122070312
2025-03-21,ALAB,71.0999984741211
2025-03-24,ALAB,73.77999877929688
2025-03-25,ALAB,72.19000244140625
2025-03-26,ALAB,66.94999694824219
2025-03-27,ALAB,62.790000915527344
2025-03-28,ALAB,60.779998779296875
2025-03-31,ALAB,59.66999816894531
2025-04-01,ALAB,62.0099983215332
2025-04-02,ALAB,64.08000183105469
2025-04-03,ALAB,55.68000030517578
2025-04-04,ALAB,52.939998626708984
2025-04-07,ALAB,55.15999984741211
2025-04-08,ALAB,53.709999084472656
2025-04-09,ALAB,64.33000183105469
2025-04-10,ALAB,58.86000061035156
2025-04-11,ALAB,60.130001068115234
2025-04-14,ALAB,59.40999984741211
2025-04-15,ALAB,60.08000183105469
2025-04-16,ALAB,58.78499984741211
2025-04-17,ALAB,58.959999084472656
2025-04-21,ALAB,54.41999816894531
2025-04-22,ALAB,55.310001373291016
2025-04-23,ALAB,60.150001525878906
2025-04-24,ALAB,64.55000305175781
2025-04-25,ALAB,66.11000061035156
2025-04-28,ALAB,66.08000183105469
2025-04-29,ALAB,65.6500015258789
2025-04-30,ALAB,65.30999755859375
2025-05-01,ALAB,69.22000122070312
2025-05-02,ALAB,71.2699966430664
2025-05-05,ALAB,72.1500015258789
2025-05-06,ALAB,71.36000061035156
2025-05-07,ALAB,71.08999633789062
2025-05-08,ALAB,71.63999938964844
2025-05-09,ALAB,71.19999694824219
2025-05-12,ALAB,80.27999877929688
2025-05-13,ALAB,87.76000213623047
2025-05-14,ALAB,90.66000366210938
2025-05-15,ALAB,92.19000244140625
2025-05-16,ALAB,90.55999755859375
2025-05-19,ALAB,90.28500366210938
2025-05-20,ALAB,94.45999908447266
2025-05-21,ALAB,92.16999816894531
2025-05-22,ALAB,94.30000305175781
2025-05-23,ALAB,94.62000274658203
2025-05-27,ALAB,97.54000091552734
2025-05-28,ALAB,96.45999908447266
2025-05-29,ALAB,96.61000061035156
2025-05-30,ALAB,90.72000122070312
2025-06-02,ALAB,92.91999816894531
2025-06-03,ALAB,95.08999633789062
2025-06-04,ALAB,95.22000122070312
2025-06-05,ALAB,90.70999908447266
2025-06-06,ALAB,90.75
2025-06-09,ALAB,92.3499984741211
2025-06-10,ALAB,91.45999908447266
2025-06-11,ALAB,94.54000091552734
2025-06-12,ALAB,94.33999633789062
2025-06-13,ALAB,89.7300033569336
2025-06-16,ALAB,95.30000305175781
2025-06-17,ALAB,92.91000366210938
2025-06-18,ALAB,99.52999877929688
2025-06-20,ALAB,93.07499694824219
2025-06-23,ALAB,85.94999694824219
2025-06-24,ALAB,87.26000213623047
2025-06-25,ALAB,89.62999725341797
2025-06-26,ALAB,97.95999908447266
2025-06-27,ALAB,91.0199966430664
2025-06-30,ALAB,90.41999816894531
2025-07-01,ALAB,88.66000366210938
2025-07-02,ALAB,88.56999969482422
2025-07-03,ALAB,90.80000305175781
2025-07-07,ALAB,89.62000274658203
2025-07-08,ALAB,92.30000305175781
2025-07-09,ALAB,99.86000061035156
2025-07-10,ALAB,97.0199966430664
2025-07-11,ALAB,95.9000015258789
2025-07-14,ALAB,90.31999969482422
2025-07-15,ALAB,92.36000061035156
2025-07-16,ALAB,91.94000244140625
2025-07-17,ALAB,97.94999694824219
2025-07-18,ALAB,102.12999725341797
2025-07-21,ALAB,121.88999938964844
2025-07-22,ALAB,116.91000366210938
2025-07-23,ALAB,119.4800033569336
2025-07-24,ALAB,121.68000030517578
2025-07-25,ALAB,122.2300033569336
2025-07-28,ALAB,124.05000305175781
2025-07-29,ALAB,118.41000366210938
2025-07-30,ALAB,128.8699951171875
2025-07-31,ALAB,136.72999572753906
2025-08-01,ALAB,131.10000610351562
2025-08-04,ALAB,137.92999267578125
2025-08-05,ALAB,135.5399932861328
2025-08-06,ALAB,174.38999938964844
2025-08-07,ALAB,170.88999938964844
2025-08-08,ALAB,179.27999877929688
2025-08-11,ALAB,179.42999267578125
2025-08-12,ALAB,192.0
2025-08-13,ALAB,193.63999938964844
2025-08-14,ALAB,190.69000244140625
2025-08-15,ALAB,185.85000610351562
2025-08-18,ALAB,186.42999267578125
2025-08-19,ALAB,171.05999755859375
2025-08-20,ALAB,172.4499969482422
2025-08-21,ALAB,177.52999877929688
2025-08-22,ALAB,179.08999633789062
2025-08-25,ALAB,174.14999389648438
2025-08-26,ALAB,178.55999755859375
2025-08-27,ALAB,179.1999969482422
2025-08-28,ALAB,189.14999389648438
2025-08-29,ALAB,182.1999969482422
2025-09-02,ALAB,174.24000549316406
2025-09-03,ALAB,176.61000061035156
2025-09-04,ALAB,187.9499969482422
2025-09-05,ALAB,191.1999969482422
2025-09-08,ALAB,216.10000610351562
2025-09-09,ALAB,214.49000549316406
2025-09-10,ALAB,230.3699951171875
2025-09-11,ALAB,232.89999389648438
2025-09-12,ALAB,229.5
2025-09-15,ALAB,231.2899932861328
2025-09-16,ALAB,238.7899932861328
2025-09-17,ALAB,249.3800048828125
2025-09-18,ALAB,251.8800048828125
2025-09-19,ALAB,245.1999969482422
2025-09-22,ALAB,237.3000030517578
2025-09-23,ALAB,230.11000061035156
2025-09-24,ALAB,205.27000427246094
2025-09-25,ALAB,200.63999938964844
2025-09-26,ALAB,197.77999877929688
2025-09-29,ALAB,198.8000030517578
2025-09-30,ALAB,195.8000030517578
2025-10-01,ALAB,194.5
2025-10-02,ALAB,209.60000610351562
2025-10-03,ALAB,200.74000549316406
2025-10-06,ALAB,220.80999755859375
2025-10-07,ALAB,212.10000610351562
2025-10-08,ALAB,219.36000061035156
2025-10-09,ALAB,225.42999267578125
2025-10-10,ALAB,206.2100067138672
2025-10-13,ALAB,199.52999877929688
2025-10-14,ALAB,161.5500030517578
2025-10-15,ALAB,161.46499633789062
2025-10-16,ALAB,163.5500030517578
2025-10-17,ALAB,159.8000030517578
2025-10-20,ALAB,156.30999755859375
2025-10-21,ALAB,157.50999450683594
2025-10-22,ALAB,154.85000610351562
2025-10-23,ALAB,163.63999938964844
2025-10-24,ALAB,164.97000122070312
2025-10-27,ALAB,170.27999877929688
2025-10-28,ALAB,168.25
2025-10-29,ALAB,173.6199951171875
2025-10-30,ALAB,169.5500030517578
2025-10-31,ALAB,186.67999267578125
2025-11-03,ALAB,191.55999755859375
2025-11-04,ALAB,179.30999755859375
2025-11-05,ALAB,181.94000244140625
2025-11-06,ALAB,162.8300018310547
2025-11-07,ALAB,165.49000549316406
2025-11-10,ALAB,173.74000549316406
2025-11-11,ALAB,167.5500030517578
2025-11-12,ALAB,157.7899932861328
2025-11-13,ALAB,144.47000122070312
2025-11-14,ALAB,144.33999633789062
2025-11-17,ALAB,141.38999938964844
2025-11-18,ALAB,139.52000427246094
2025-11-19,ALAB,142.00999450683594
2025-11-20,ALAB,139.2899932861328
2025-11-21,ALAB,141.8000030517578
2025-11-24,ALAB,147.75
2025-11-25,ALAB,144.77999877929688
2025-11-26,ALAB,154.22000122070312
2025-11-28,ALAB,157.57000732421875
2025-12-01,ALAB,165.19000244140625
2025-12-02,ALAB,142.94000244140625
2025-12-03,ALAB,152.5
2025-12-04,ALAB,152.50999450683594
2025-12-05,ALAB,161.22999572753906
2025-12-08,ALAB,175.74000549316406
2025-12-09,ALAB,167.0800018310547
2025-12-10,ALAB,164.31500244140625
2025-12-11,ALAB,173.6999969482422
2025-12-12,ALAB,148.85000610351562
2025-12-15,ALAB,143.66000366210938
2025-12-16,ALAB,144.94000244140625
2025-12-17,ALAB,140.24000549316406
2025-12-18,ALAB,145.8800048828125
2025-12-19,ALAB,164.39999389648438
2025-12-22,ALAB,172.6199951171875
2025-12-23,ALAB,168.8300018310547
2025-12-24,ALAB,169.97000122070312
2025-12-26,ALAB,167.25999450683594
2025-12-29,ALAB,170.10499572753906
2025-12-30,ALAB,170.83999633789062
2025-12-31,ALAB,166.36000061035156
2026-01-02,ALAB,179.55999755859375
2026-01-05,ALAB,167.11000061035156
2026-01-06,ALAB,161.00999450683594
2026-01-07,ALAB,165.77000427246094
2026-01-08,ALAB,156.72999572753906
2026-01-09,ALAB,162.61000061035156
2026-01-12,ALAB,172.57000732421875
2026-01-13,ALAB,180.55999755859375
2026-01-14,ALAB,172.13999938964844
2026-01-15,ALAB,174.4499969482422
2026-01-16,ALAB,182.0
2026-01-20,ALAB,183.75
2026-01-21,ALAB,176.0050048828125
2026-01-22,ALAB,176.35000610351562
2026-01-23,ALAB,169.66000366210938
2026-01-26,ALAB,163.25
2026-01-27,ALAB,170.92999267578125
2026-01-28,ALAB,167.89999389648438
2026-01-29,ALAB,160.4600067138672
2026-01-30,ALAB,150.6199951171875
2026-02-02,ALAB,152.44000244140625
2026-02-03,ALAB,158.52000427246094
2026-02-04,ALAB,144.6699981689453
2026-02-05,ALAB,142.82000732421875
2026-02-06,ALAB,169.85000610351562
2026-02-09,ALAB,187.6699981689453
2026-02-10,ALAB,182.86000061035156
2026-02-11,ALAB,143.7100067138672
2026-02-12,ALAB,126.58000183105469
2026-02-13,ALAB,129.32000732421875
2026-02-17,ALAB,123.69000244140625
2026-02-18,ALAB,129.5800018310547
2026-02-19,ALAB,132.6199951171875
2026-02-20,ALAB,129.67999267578125
2026-02-23,ALAB,128.24000549316406
2026-02-24,ALAB,128.39999389648438
2026-02-25,ALAB,128.14999389648438
2026-02-26,ALAB,124.66999816894531
2026-02-27,ALAB,118.83000183105469
2026-03-02,ALAB,120.55000305175781
2026-03-03,ALAB,109.80000305175781
2026-03-04,ALAB,113.7699966430664
2026-03-05,ALAB,120.0
2026-03-06,ALAB,119.19999694824219
2026-03-09,ALAB,122.30999755859375
2026-03-10,ALAB,116.4800033569336
2026-03-11,ALAB,124.70999908447266
2026-03-12,ALAB,119.9000015258789
2026-03-13,ALAB,120.30999755859375
2026-03-16,ALAB,127.4800033569336
2026-03-17,ALAB,127.56999969482422
2026-03-18,ALAB,126.33999633789062
2026-03-19,ALAB,126.16000366210938
2026-03-20,ALAB,116.04000091552734
2026-03-23,ALAB,123.87000274658203
2026-03-24,ALAB,121.76000213623047
2026-03-25,ALAB,120.33000183105469
2026-03-26,ALAB,113.6050033569336
2026-03-27,ALAB,112.47000122070312
2026-03-30,ALAB,100.2699966430664
2026-03-31,ALAB,109.5999984741211
2026-04-01,ALAB,106.33000183105469
2026-04-02,ALAB,117.13999938964844
2026-04-06,ALAB,117.98999786376953
2026-04-07,ALAB,118.98999786376953
2026-04-08,ALAB,125.45999908447266
2026-04-09,ALAB,129.4600067138672
2026-04-10,ALAB,149.0500030517578
2026-04-13,ALAB,166.7949981689453
2026-04-14,ALAB,170.60000610351562
2026-04-15,ALAB,172.08999633789062
2026-04-16,ALAB,170.80999755859375
2026-04-17,ALAB,174.0500030517578
2026-04-20,ALAB,175.8000030517578
2026-04-21,ALAB,191.97000122070312
2026-04-22,ALAB,194.05999755859375
2026-04-23,ALAB,197.5399932861328
2026-04-24,ALAB,212.83999633789062
2026-04-27,ALAB,196.63999938964844
2026-04-28,ALAB,183.30999755859375
2026-04-29,ALAB,196.85000610351562
2026-04-30,ALAB,194.74000549316406
2026-05-01,ALAB,202.67999267578125
2026-05-04,ALAB,201.25
2026-05-05,ALAB,215.69000244140625
2026-05-06,ALAB,213.91000366210938
2026-05-07,ALAB,195.64999389648438
2026-05-08,ALAB,199.7899932861328
2026-05-11,ALAB,207.35000610351562
2026-05-12,ALAB,204.4199981689453
2026-05-13,ALAB,224.08999633789062
2026-05-14,ALAB,228.63999938964844
2026-05-15,ALAB,232.67999267578125
2026-05-18,ALAB,215.5800018310547
2026-05-19,ALAB,244.25999450683594
2026-05-20,ALAB,287.4800109863281
2026-05-21,ALAB,297.8399963378906
2026-05-22,ALAB,306.8800048828125
2026-05-26,ALAB,318.7200012207031
2026-05-27,ALAB,325.3299865722656
2026-05-28,ALAB,349.1700134277344
2026-05-29,ALAB,342.8500061035156
2026-06-01,ALAB,320.0899963378906
2026-06-02,ALAB,355.760009765625
2026-06-03,ALAB,363.5400085449219
2026-06-04,ALAB,358.04998779296875
2026-06-05,ALAB,317.05999755859375
2026-06-08,ALAB,346.3299865722656
2026-06-09,ALAB,341.70001220703125
2026-06-10,ALAB,330.8599853515625
2026-06-11,ALAB,367.4700012207031
2026-06-12,ALAB,367.1499938964844
2026-06-15,ALAB,389.20001220703125
2026-06-16,ALAB,361.7099914550781
2026-06-17,ALAB,374.67999267578125
2026-06-18,ALAB,417.07000732421875
2026-06-22,ALAB,439.6600036621094
2026-06-23,ALAB,397.0199890136719
2026-06-24,ALAB,399.9200134277344
2026-06-25,ALAB,398.0
2026-06-26,ALAB,391.739990234375
2026-06-29,ALAB,455.9599914550781
2026-06-30,ALAB,483.0199890136719
2026-07-01,ALAB,430.8599853515625
2026-07-02,ALAB,406.4200134277344
2026-07-06,ALAB,432.739990234375
2026-07-07,ALAB,382.8900146484375
2026-07-08,ALAB,393.1600036621094
2026-07-09,ALAB,417.45001220703125
2026-07-10,ALAB,412.9700012207031
2026-07-13,ALAB,362.04998779296875
2026-07-14,ALAB,361.7799987792969
2026-07-15,ALAB,350.6199951171875
2026-07-16,ALAB,319.739990234375
2026-07-17,ALAB,303.6199951171875
2026-07-20,ALAB,309.0899963378906
2026-07-21,ALAB,319.7900085449219
2026-07-22,ALAB,330.8949890136719
2026-07-23,ALAB,326.9700012207031
2026-07-24,ALAB,291.5799865722656
2026-07-27,ALAB,282.5199890136719
2026-07-28,ALAB,260.2300109863281
2026-07-29,ALAB,249.74000549316406
2026-07-30,ALAB,299.69000244140625
2026-07-31,ALAB,311.2300109863281
2026-08-03,ALAB,321.04998779296875
2026-08-04,ALAB,361.6700134277344
2026-08-05,ALAB,318.42999267578125
2026-08-06,ALAB,331.5
2026-08-07,ALAB,334.1700134277344
2026-08-10,ALAB,317.2300109863281
2026-08-11,ALAB,311.989990234375
2026-08-12,ALAB,318.79998779296875
2026-08-13,ALAB,322.7799987792969
2026-08-14,ALAB,321.6099853515625
2026-08-17,ALAB,320.1700134277344
2026-08-18,ALAB,303.44000244140625
2026-08-19,ALAB,289.0199890136719
2026-08-20,ALAB,290.5199890136719
2026-08-21,ALAB,284.9700012207031
2026-08-24,ALAB,277.5299987792969
2026-08-25,ALAB,282.6499938964844
2026-08-26,ALAB,290.29998779296875
2026-08-27,ALAB,304.0899963378906
2026-08-28,ALAB,289.4700012207031
2026-08-31,ALAB,296.9800109863281
2026-09-01,ALAB,279.9100036621094
2026-09-02,ALAB,274.1300048828125
2026-09-03,ALAB,282.82000732421875
2026-09-04,ALAB,310.3999938964844
2026-09-08,ALAB,288.8500061035156
2026-09-09,ALAB,300.5400085449219
2026-09-10,ALAB,284.5299987792969
2026-09-11,ALAB,291.2200012207031
2026-09-14,ALAB,257.0400085449219
2026-09-15,ALAB,252.5399932861328
2026-09-16,ALAB,269.17999267578125
2026-09-17,ALAB,293.55999755859375
2026-09-18,ALAB,303.25
2026-09-21,ALAB,340.739990234375
2026-09-22,ALAB,363.4599914550781
2026-09-23,ALAB,360.4599914550781
2026-09-24,ALAB,360.510009765625
2026-09-25,ALAB,364.6199951171875
2026-09-28,ALAB,351.30999755859375
2026-09-29,ALAB,357.8399963378906
2026-09-30,ALAB,355.9700012207031
2026-10-01,ALAB,356.4200134277344
2026-10-02,ALAB,350.3299865722656
2024-10-07,AMD,170.97000122070312
2024-10-08,AMD,172.8000030517578
2024-10-09,AMD,171.02000427246094
2024-10-10,AMD,164.17999267578125
2024-10-11,AMD,167.88999938964844
2024-10-14,AMD,165.27000427246094
2024-10-15,AMD,156.63999938964844
2024-10-16,AMD,156.1300048828125
2024-10-17,AMD,156.25
2024-10-18,AMD,155.97000122070312
2024-10-21,AMD,157.89999389648438
2024-10-22,AMD,154.08999633789062
2024-10-23,AMD,152.91000366210938
2024-10-24,AMD,153.44000244140625
2024-10-25,AMD,156.22999572753906
2024-10-28,AMD,159.9199981689453
2024-10-29,AMD,166.25
2024-10-30,AMD,148.60000610351562
2024-10-31,AMD,144.07000732421875
2024-11-01,AMD,141.86000061035156
2024-11-04,AMD,140.7100067138672
2024-11-05,AMD,141.66000366210938
2024-11-06,AMD,145.10000610351562
2024-11-07,AMD,149.82000732421875
2024-11-08,AMD,147.9499969482422
2024-11-11,AMD,147.35000610351562
2024-11-12,AMD,143.6300048828125
2024-11-13,AMD,139.3000030517578
2024-11-14,AMD,138.83999633789062
2024-11-15,AMD,134.89999389648438
2024-11-18,AMD,138.92999267578125
2024-11-19,AMD,139.38999938964844
2024-11-20,AMD,137.60000610351562
2024-11-21,AMD,137.49000549316406
2024-11-22,AMD,138.35000610351562
2024-11-25,AMD,141.1300048828125
2024-11-26,AMD,137.72000122070312
2024-11-27,AMD,136.24000549316406
2024-11-29,AMD,137.17999267578125
2024-12-02,AMD,142.05999755859375
2024-12-03,AMD,141.97999572753906
2024-12-04,AMD,143.99000549316406
2024-12-05,AMD,141.36000061035156
2024-12-06,AMD,138.58999633789062
2024-12-09,AMD,130.8699951171875
2024-12-10,AMD,127.73999786376953
2024-12-11,AMD,130.14999389648438
2024-12-12,AMD,130.60000610351562
2024-12-13,AMD,126.91000366210938
2024-12-16,AMD,126.69000244140625
2024-12-17,AMD,125.0199966430664
2024-12-18,AMD,121.41000366210938
2024-12-19,AMD,118.87999725341797
2024-12-20,AMD,119.20999908447266
2024-12-23,AMD,124.5999984741211
2024-12-24,AMD,126.29000091552734
2024-12-26,AMD,125.05999755859375
2024-12-27,AMD,125.19000244140625
2024-12-30,AMD,122.44000244140625
2024-12-31,AMD,120.79000091552734
2025-01-02,AMD,120.62999725341797
2025-01-03,AMD,125.37000274658203
2025-01-06,AMD,129.5500030517578
2025-01-07,AMD,127.33000183105469
2025-01-08,AMD,121.83999633789062
2025-01-10,AMD,116.04000091552734
2025-01-13,AMD,117.31999969482422
2025-01-14,AMD,116.08999633789062
2025-01-15,AMD,119.95999908447266
2025-01-16,AMD,118.44000244140625
2025-01-17,AMD,121.45999908447266
2025-01-21,AMD,122.27999877929688
2025-01-22,AMD,123.75
2025-01-23,AMD,123.04000091552734
2025-01-24,AMD,122.83999633789062
2025-01-27,AMD,115.01000213623047
2025-01-28,AMD,114.16999816894531
2025-01-29,AMD,117.3499984741211
2025-01-30,AMD,118.86000061035156
2025-01-31,AMD,115.94999694824219
2025-02-03,AMD,114.2699966430664
2025-02-04,AMD,119.5
2025-02-05,AMD,112.01000213623047
2025-02-06,AMD,110.16000366210938
2025-02-07,AMD,107.55999755859375
2025-02-10,AMD,110.4800033569336
2025-02-11,AMD,111.0999984741211
2025-02-12,AMD,111.72000122070312
2025-02-13,AMD,111.80999755859375
2025-02-14,AMD,113.0999984741211
2025-02-18,AMD,114.27999877929688
2025-02-19,AMD,114.69000244140625
2025-02-20,AMD,114.16999816894531
2025-02-21,AMD,110.83999633789062
2025-02-24,AMD,108.11000061035156
2025-02-25,AMD,103.95999908447266
2025-02-26,AMD,104.73999786376953
2025-02-27,AMD,99.51000213623047
2025-02-28,AMD,99.86000061035156
2025-03-03,AMD,98.2300033569336
2025-03-04,AMD,100.75
2025-03-05,AMD,101.66999816894531
2025-03-06,AMD,98.8499984741211
2025-03-07,AMD,100.30999755859375
2025-03-10,AMD,96.62999725341797
2025-03-11,AMD,96.76000213623047
2025-03-12,AMD,100.79000091552734
2025-03-13,AMD,98.11000061035156
2025-03-14,AMD,100.97000122070312
2025-03-17,AMD,104.58999633789062
2025-03-18,AMD,103.51000213623047
2025-03-19,AMD,106.2300033569336
2025-03-20,AMD,107.13999938964844
2025-03-21,AMD,106.44000244140625
2025-03-24,AMD,113.8499984741211
2025-03-25,AMD,114.80999755859375
2025-03-26,AMD,110.19000244140625
2025-03-27,AMD,106.6500015258789
2025-03-28,AMD,103.22000122070312
2025-03-31,AMD,102.73999786376953
2025-04-01,AMD,102.77999877929688
2025-04-02,AMD,102.95999908447266
2025-04-03,AMD,93.80000305175781
2025-04-04,AMD,85.76000213623047
2025-04-07,AMD,83.63999938964844
2025-04-08,AMD,78.20999908447266
2025-04-09,AMD,96.83999633789062
2025-04-10,AMD,88.69999694824219
2025-04-11,AMD,93.4000015258789
2025-04-14,AMD,94.5
2025-04-15,AMD,95.29000091552734
2025-04-16,AMD,88.29000091552734
2025-04-17,AMD,87.5
2025-04-21,AMD,85.55999755859375
2025-04-22,AMD,86.26000213623047
2025-04-23,AMD,90.38999938964844
2025-04-24,AMD,94.47000122070312
2025-04-25,AMD,96.6500015258789
2025-04-28,AMD,96.38999938964844
2025-04-29,AMD,96.05999755859375
2025-04-30,AMD,97.3499984741211
2025-05-01,AMD,96.6500015258789
2025-05-02,AMD,98.80000305175781
2025-05-05,AMD,100.58999633789062
2025-05-06,AMD,98.62000274658203
2025-05-07,AMD,100.36000061035156
2025-05-08,AMD,101.69999694824219
2025-05-09,AMD,102.83999633789062
2025-05-12,AMD,108.12000274658203
2025-05-13,AMD,112.45999908447266
2025-05-14,AMD,117.72000122070312
2025-05-15,AMD,114.98999786376953
2025-05-16,AMD,117.16999816894531
2025-05-19,AMD,114.73999786376953
2025-05-20,AMD,113.51000213623047
2025-05-21,AMD,112.05999755859375
2025-05-22,AMD,110.70999908447266
2025-05-23,AMD,110.30999755859375
2025-05-27,AMD,114.55999755859375
2025-05-28,AMD,112.86000061035156
2025-05-29,AMD,113.02999877929688
2025-05-30,AMD,110.7300033569336
2025-06-02,AMD,114.62999725341797
2025-06-03,AMD,117.30999755859375
2025-06-04,AMD,118.58000183105469
2025-06-05,AMD,115.69000244140625
2025-06-06,AMD,116.19000244140625
2025-06-09,AMD,121.7300033569336
2025-06-10,AMD,123.23999786376953
2025-06-11,AMD,121.13999938964844
2025-06-12,AMD,118.5
2025-06-13,AMD,116.16000366210938
2025-06-16,AMD,126.38999938964844
2025-06-17,AMD,127.0999984741211
2025-06-18,AMD,126.79000091552734
2025-06-20,AMD,128.24000549316406
2025-06-23,AMD,129.5800018310547
2025-06-24,AMD,138.42999267578125
2025-06-25,AMD,143.39999389648438
2025-06-26,AMD,143.67999267578125
2025-06-27,AMD,143.80999755859375
2025-06-30,AMD,141.89999389648438
2025-07-01,AMD,136.11000061035156
2025-07-02,AMD,138.52000427246094
2025-07-03,AMD,137.91000366210938
2025-07-07,AMD,134.8000030517578
2025-07-08,AMD,137.82000732421875
2025-07-09,AMD,138.41000366210938
2025-07-10,AMD,144.16000366210938
2025-07-11,AMD,146.4199981689453
2025-07-14,AMD,146.24000549316406
2025-07-15,AMD,155.61000061035156
2025-07-16,AMD,160.0800018310547
2025-07-17,AMD,160.41000366210938
2025-07-18,AMD,156.99000549316406
2025-07-21,AMD,157.0
2025-07-22,AMD,154.72000122070312
2025-07-23,AMD,158.64999389648438
2025-07-24,AMD,162.1199951171875
2025-07-25,AMD,166.47000122070312
2025-07-28,AMD,173.66000366210938
2025-07-29,AMD,177.44000244140625
2025-07-30,AMD,179.50999450683594
2025-07-31,AMD,176.30999755859375
2025-08-01,AMD,171.6999969482422
2025-08-04,AMD,176.77999877929688
2025-08-05,AMD,174.30999755859375
2025-08-06,AMD,163.1199951171875
2025-08-07,AMD,172.39999389648438
2025-08-08,AMD,172.75999450683594
2025-08-11,AMD,172.27999877929688
2025-08-12,AMD,174.9499969482422
2025-08-13,AMD,184.4199981689453
2025-08-14,AMD,180.9499969482422
2025-08-15,AMD,177.50999450683594
2025-08-18,AMD,176.13999938964844
2025-08-19,AMD,166.5500030517578
2025-08-20,AMD,165.1999969482422
2025-08-21,AMD,163.7100067138672
2025-08-22,AMD,167.75999450683594
2025-08-25,AMD,163.36000061035156
2025-08-26,AMD,166.6199951171875
2025-08-27,AMD,167.1300048828125
2025-08-28,AMD,168.5800018310547
2025-08-29,AMD,162.6300048828125
2025-09-02,AMD,162.32000732421875
2025-09-03,AMD,162.1300048828125
2025-09-04,AMD,161.7899932861328
2025-09-05,AMD,151.13999938964844
2025-09-08,AMD,151.41000366210938
2025-09-09,AMD,155.82000732421875
2025-09-10,AMD,159.5399932861328
2025-09-11,AMD,155.6699981689453
2025-09-12,AMD,158.57000732421875
2025-09-15,AMD,161.16000366210938
2025-09-16,AMD,160.4600067138672
2025-09-17,AMD,159.16000366210938
2025-09-18,AMD,157.9199981689453
2025-09-19,AMD,157.38999938964844
2025-09-22,AMD,159.7899932861328
2025-09-23,AMD,160.89999389648438
2025-09-24,AMD,160.8800048828125
2025-09-25,AMD,161.27000427246094
2025-09-26,AMD,159.4600067138672
2025-09-29,AMD,161.36000061035156
2025-09-30,AMD,161.7899932861328
2025-10-01,AMD,164.00999450683594
2025-10-02,AMD,169.72999572753906
2025-10-03,AMD,164.6699981689453
2025-10-06,AMD,203.7100067138672
2025-10-07,AMD,211.50999450683594
2025-10-08,AMD,235.55999755859375
2025-10-09,AMD,232.88999938964844
2025-10-10,AMD,214.89999389648438
2025-10-13,AMD,216.4199981689453
2025-10-14,AMD,218.08999633789062
2025-10-15,AMD,238.60000610351562
2025-10-16,AMD,234.55999755859375
2025-10-17,AMD,233.0800018310547
2025-10-20,AMD,240.55999755859375
2025-10-21,AMD,238.02999877929688
2025-10-22,AMD,230.22999572753906
2025-10-23,AMD,234.99000549316406
2025-10-24,AMD,252.9199981689453
2025-10-27,AMD,259.6700134277344
2025-10-28,AMD,258.010009765625
2025-10-29,AMD,264.3299865722656
2025-10-30,AMD,254.83999633789062
2025-10-31,AMD,256.1199951171875
2025-11-03,AMD,259.6499938964844
2025-11-04,AMD,250.0500030517578
2025-11-05,AMD,256.3299865722656
2025-11-06,AMD,237.6999969482422
2025-11-07,AMD,233.5399932861328
2025-11-10,AMD,243.97999572753906
2025-11-11,AMD,237.52000427246094
2025-11-12,AMD,258.8900146484375
2025-11-13,AMD,247.9600067138672
2025-11-14,AMD,246.80999755859375
2025-11-17,AMD,240.52000427246094
2025-11-18,AMD,230.2899932861328
2025-11-19,AMD,223.5500030517578
2025-11-20,AMD,206.02000427246094
2025-11-21,AMD,203.77999877929688
2025-11-24,AMD,215.0500030517578
2025-11-25,AMD,206.1300048828125
2025-11-26,AMD,214.24000549316406
2025-11-28,AMD,217.52999877929688
2025-12-01,AMD,219.75999450683594
2025-12-02,AMD,215.24000549316406
2025-12-03,AMD,217.60000610351562
2025-12-04,AMD,215.97999572753906
2025-12-05,AMD,217.97000122070312
2025-12-08,AMD,221.11000061035156
2025-12-09,AMD,221.6199951171875
2025-12-10,AMD,221.4199981689453
2025-12-11,AMD,221.42999267578125
2025-12-12,AMD,210.77999877929688
2025-12-15,AMD,207.5800018310547
2025-12-16,AMD,209.1699981689453
2025-12-17,AMD,198.11000061035156
2025-12-18,AMD,201.05999755859375
2025-12-19,AMD,213.42999267578125
2025-12-22,AMD,214.9499969482422
2025-12-23,AMD,214.89999389648438
2025-12-24,AMD,215.0399932861328
2025-12-26,AMD,214.99000549316406
2025-12-29,AMD,215.61000061035156
2025-12-30,AMD,215.33999633789062
2025-12-31,AMD,214.16000366210938
2026-01-02,AMD,223.47000122070312
2026-01-05,AMD,221.0800018310547
2026-01-06,AMD,214.35000610351562
2026-01-07,AMD,210.02000427246094
2026-01-08,AMD,204.67999267578125
2026-01-09,AMD,203.1699981689453
2026-01-12,AMD,207.69000244140625
2026-01-13,AMD,220.97000122070312
2026-01-14,AMD,223.60000610351562
2026-01-15,AMD,227.9199981689453
2026-01-16,AMD,231.8300018310547
2026-01-20,AMD,231.9199981689453
2026-01-21,AMD,249.8000030517578
2026-01-22,AMD,253.72999572753906
2026-01-23,AMD,259.67999267578125
2026-01-26,AMD,251.30999755859375
2026-01-27,AMD,252.02999877929688
2026-01-28,AMD,252.74000549316406
2026-01-29,AMD,252.17999267578125
2026-01-30,AMD,236.72999572753906
2026-02-02,AMD,246.27000427246094
2026-02-03,AMD,242.11000061035156
2026-02-04,AMD,200.19000244140625
2026-02-05,AMD,192.5
2026-02-06,AMD,208.44000244140625
2026-02-09,AMD,216.0
2026-02-10,AMD,213.57000732421875
2026-02-11,AMD,213.5800018310547
2026-02-12,AMD,205.94000244140625
2026-02-13,AMD,207.32000732421875
2026-02-17,AMD,203.0800018310547
2026-02-18,AMD,200.1199951171875
2026-02-19,AMD,203.3699951171875
2026-02-20,AMD,200.14999389648438
2026-02-23,AMD,196.60000610351562
2026-02-24,AMD,213.83999633789062
2026-02-25,AMD,210.86000061035156
2026-02-26,AMD,203.67999267578125
2026-02-27,AMD,200.2100067138672
2026-03-02,AMD,198.6199951171875
2026-03-03,AMD,190.9499969482422
2026-03-04,AMD,202.07000732421875
2026-03-05,AMD,199.4499969482422
2026-03-06,AMD,192.42999267578125
2026-03-09,AMD,202.67999267578125
2026-03-10,AMD,203.22999572753906
2026-03-11,AMD,204.8300018310547
2026-03-12,AMD,197.74000549316406
2026-03-13,AMD,193.38999938964844
2026-03-16,AMD,196.5800018310547
2026-03-17,AMD,196.30999755859375
2026-03-18,AMD,199.4600067138672
2026-03-19,AMD,205.27000427246094
2026-03-20,AMD,201.3300018310547
2026-03-23,AMD,202.67999267578125
2026-03-24,AMD,205.3699951171875
2026-03-25,AMD,220.27000427246094
2026-03-26,AMD,203.77000427246094
2026-03-27,AMD,201.99000549316406
2026-03-30,AMD,196.0399932861328
2026-03-31,AMD,203.42999267578125
2026-04-01,AMD,210.2100067138672
2026-04-02,AMD,217.5
2026-04-06,AMD,220.17999267578125
2026-04-07,AMD,221.52999877929688
2026-04-08,AMD,231.82000732421875
2026-04-09,AMD,236.63999938964844
2026-04-10,AMD,245.0399932861328
2026-04-13,AMD,246.8300018310547
2026-04-14,AMD,255.07000732421875
2026-04-15,AMD,258.1199951171875
2026-04-16,AMD,278.260009765625
2026-04-17,AMD,278.3900146484375
2026-04-20,AMD,274.95001220703125
2026-04-21,AMD,284.489990234375
2026-04-22,AMD,303.4599914550781
2026-04-23,AMD,305.3299865722656
2026-04-24,AMD,347.80999755859375
2026-04-27,AMD,334.6300048828125
2026-04-28,AMD,323.2099914550781
2026-04-29,AMD,337.1099853515625
2026-04-30,AMD,354.489990234375
2026-05-01,AMD,360.5400085449219
2026-05-04,AMD,341.5400085449219
2026-05-05,AMD,355.260009765625
2026-05-06,AMD,421.3900146484375
2026-05-07,AMD,408.4599914550781
2026-05-08,AMD,455.19000244140625
2026-05-11,AMD,458.7900085449219
2026-05-12,AMD,448.2900085449219
2026-05-13,AMD,445.5
2026-05-14,AMD,449.70001220703125
2026-05-15,AMD,424.1000061035156
2026-05-18,AMD,420.989990234375
2026-05-19,AMD,414.04998779296875
2026-05-20,AMD,447.5799865722656
2026-05-21,AMD,449.5899963378906
2026-05-22,AMD,467.510009765625
2026-05-26,AMD,503.8900146484375
2026-05-27,AMD,495.5400085449219
2026-05-28,AMD,518.0900268554688
2026-05-29,AMD,516.0999755859375
2026-06-01,AMD,510.1300048828125
2026-06-02,AMD,521.5399780273438
2026-06-03,AMD,542.52001953125
2026-06-04,AMD,523.2000122070312
2026-06-05,AMD,466.3800048828125
2026-06-08,AMD,490.3299865722656
2026-06-09,AMD,475.510009765625
2026-06-10,AMD,452.3999938964844
2026-06-11,AMD,488.45001220703125
2026-06-12,AMD,511.57000732421875
2026-06-15,AMD,547.260009765625
2026-06-16,AMD,507.2900085449219
2026-06-17,AMD,512.47998046875
2026-06-18,AMD,537.3699951171875
2026-06-22,AMD,551.6300048828125
2026-06-23,AMD,519.8499755859375
2026-06-24,AMD,519.739990234375
2026-06-25,AMD,532.5700073242188
2026-06-26,AMD,521.5800170898438
2026-06-29,AMD,539.489990234375
2026-06-30,AMD,580.9099731445312
2026-07-01,AMD,540.8800048828125
2026-07-02,AMD,517.8200073242188
2026-07-06,AMD,552.0499877929688
2026-07-07,AMD,516.1099853515625
2026-07-08,AMD,517.4099731445312
2026-07-09,AMD,546.719970703125
2026-07-10,AMD,557.8900146484375
2026-07-13,AMD,534.3900146484375
2026-07-14,AMD,548.1300048828125
2026-07-15,AMD,529.1400146484375
2026-07-16,AMD,500.94000244140625
2026-07-17,AMD,495.760009765625
2026-07-20,AMD,503.57000732421875
2026-07-21,AMD,544.4299926757812
2026-07-22,AMD,552.3300170898438
2026-07-23,AMD,539.6900024414062
2026-07-24,AMD,521.9500122070312
2026-07-27,AMD,494.95001220703125
2026-07-28,AMD,454.6199951171875
2026-07-29,AMD,429.55999755859375
2026-07-30,AMD,485.3900146484375
2026-07-31,AMD,476.1499938964844
2026-08-03,AMD,484.6400146484375
2026-08-04,AMD,518.5800170898438
2026-08-05,AMD,482.04998779296875
2026-08-06,AMD,489.2799987792969
2026-08-07,AMD,483.3599853515625
2026-08-10,AMD,469.55999755859375
2026-08-11,AMD,474.32000732421875
2026-08-12,AMD,482.92999267578125
2026-08-13,AMD,483.010009765625
2026-08-14,AMD,514.3900146484375
2026-08-17,AMD,506.0
2026-08-18,AMD,484.3900146484375
2026-08-19,AMD,466.4200134277344
2026-08-20,AMD,469.4599914550781
2026-08-21,AMD,473.25
2026-08-24,AMD,456.75
2026-08-25,AMD,479.17999267578125
2026-08-26,AMD,480.92999267578125
2026-08-27,AMD,476.6700134277344
2026-08-28,AMD,465.5799865722656
2026-08-31,AMD,470.7200012207031
2026-09-01,AMD,459.6099853515625
2026-09-02,AMD,457.05999755859375
2026-09-03,AMD,456.1600036621094
2026-09-04,AMD,477.57000732421875
2026-09-08,AMD,505.739990234375
2026-09-09,AMD,521.0999755859375
2026-09-10,AMD,503.6000061035156
2026-09-11,AMD,516.1300048828125
2026-09-14,AMD,493.4100036621094
2026-09-15,AMD,504.20001220703125
2026-09-16,AMD,512.5
2026-09-17,AMD,545.0900268554688
2026-09-18,AMD,559.8200073242188
2026-09-21,AMD,615.52001953125
2026-09-22,AMD,623.77001953125
2026-09-23,AMD,614.6099853515625
2026-09-24,AMD,629.260009765625
2026-09-25,AMD,630.6300048828125
2026-09-28,AMD,607.8699951171875
2026-09-29,AMD,607.5700073242188
2026-09-30,AMD,611.760009765625
2026-10-01,AMD,615.72998046875
2026-10-02,AMD,633.9099731445312
2024-10-07,ARM,141.33999633789062
2024-10-08,ARM,143.60000610351562
2024-10-09,ARM,148.42999267578125
2024-10-10,ARM,149.3300018310547
2024-10-11,ARM,151.4600067138672
2024-10-14,ARM,161.82000732421875
2024-10-15,ARM,150.6699981689453
2024-10-16,ARM,152.5
2024-10-17,ARM,154.60000610351562
2024-10-18,ARM,153.02999877929688
2024-10-21,ARM,152.35000610351562
2024-10-22,ARM,152.5800018310547
2024-10-23,ARM,142.41000366210938
2024-10-24,ARM,141.0399932861328
2024-10-25,ARM,143.75
2024-10-28,ARM,150.02000427246094
2024-10-29,ARM,157.1699981689453
2024-10-30,ARM,154.39999389648438
2024-10-31,ARM,141.3000030517578
2024-11-01,ARM,141.47999572753906
2024-11-04,ARM,137.52999877929688
2024-11-05,ARM,140.64999389648438
2024-11-06,ARM,144.67999267578125
2024-11-07,ARM,150.64999389648438
2024-11-08,ARM,147.47999572753906
2024-11-11,ARM,141.96499633789062
2024-11-12,ARM,139.9199981689453
2024-11-13,ARM,135.08999633789062
2024-11-14,ARM,136.35000610351562
2024-11-15,ARM,128.72999572753906
2024-11-18,ARM,128.66000366210938
2024-11-19,ARM,133.05999755859375
2024-11-20,ARM,133.6999969482422
2024-11-21,ARM,133.13999938964844
2024-11-22,ARM,135.99000549316406
2024-11-25,ARM,139.67999267578125
2024-11-26,ARM,136.72000122070312
2024-11-27,ARM,133.3699951171875
2024-11-29,ARM,134.2899932861328
2024-12-02,ARM,140.33999633789062
2024-12-03,ARM,140.3800048828125
2024-12-04,ARM,141.3000030517578
2024-12-05,ARM,137.9499969482422
2024-12-06,ARM,140.88999938964844
2024-12-09,ARM,139.63999938964844
2024-12-10,ARM,137.2899932861328
2024-12-11,ARM,143.16000366210938
2024-12-12,ARM,148.0
2024-12-13,ARM,151.91000366210938
2024-12-16,ARM,145.0
2024-12-17,ARM,142.8000030517578
2024-12-18,ARM,136.55999755859375
2024-12-19,ARM,132.10000610351562
2024-12-20,ARM,132.14999389648438
2024-12-23,ARM,126.87000274658203
2024-12-24,ARM,131.7899932861328
2024-12-26,ARM,129.69000244140625
2024-12-27,ARM,129.1999969482422
2024-12-30,ARM,125.91000366210938
2024-12-31,ARM,123.36000061035156
2025-01-02,ARM,128.1999969482422
2025-01-03,ARM,141.0800018310547
2025-01-06,ARM,147.41000366210938
2025-01-07,ARM,144.3800048828125
2025-01-08,ARM,145.1999969482422
2025-01-10,ARM,140.49000549316406
2025-01-13,ARM,137.07000732421875
2025-01-14,ARM,140.05999755859375
2025-01-15,ARM,147.39999389648438
2025-01-16,ARM,147.52000427246094
2025-01-17,ARM,149.25999450683594
2025-01-21,ARM,155.1999969482422
2025-01-22,ARM,179.92999267578125
2025-01-23,ARM,166.55999755859375
2025-01-24,ARM,162.52000427246094
2025-01-27,ARM,145.9600067138672
2025-01-28,ARM,149.47000122070312
2025-01-29,ARM,147.60000610351562
2025-01-30,ARM,153.22999572753906
2025-01-31,ARM,159.5500030517578
2025-02-03,ARM,155.64999389648438
2025-02-04,ARM,162.1999969482422
2025-02-05,ARM,173.25999450683594
2025-02-06,ARM,167.47000122070312
2025-02-07,ARM,162.50999450683594
2025-02-10,ARM,160.83999633789062
2025-02-11,ARM,157.74000549316406
2025-02-12,ARM,155.41000366210938
2025-02-13,ARM,164.8300018310547
2025-02-14,ARM,159.5399932861328
2025-02-18,ARM,160.32000732421875
2025-02-19,ARM,154.36000061035156
2025-02-20,ARM,150.85000610351562
2025-02-21,ARM,144.83999633789062
2025-02-24,ARM,140.52999877929688
2025-02-25,ARM,136.6999969482422
2025-02-26,ARM,138.97000122070312
2025-02-27,ARM,130.33999633789062
2025-02-28,ARM,131.69000244140625
2025-03-03,ARM,121.0999984741211
2025-03-04,ARM,122.48999786376953
2025-03-05,ARM,124.77999877929688
2025-03-06,ARM,117.91999816894531
2025-03-07,ARM,125.55000305175781
2025-03-10,ARM,116.37999725341797
2025-03-11,ARM,111.48999786376953
2025-03-12,ARM,112.69999694824219
2025-03-13,ARM,112.05000305175781
2025-03-14,ARM,117.94000244140625
2025-03-17,ARM,121.37000274658203
2025-03-18,ARM,119.72000122070312
2025-03-19,ARM,117.91000366210938
2025-03-20,ARM,119.06999969482422
2025-03-21,ARM,119.06999969482422
2025-03-24,ARM,124.8499984741211
2025-03-25,ARM,124.27999877929688
2025-03-26,ARM,114.93000030517578
2025-03-27,ARM,112.47000122070312
2025-03-28,ARM,107.80000305175781
2025-03-31,ARM,106.79000091552734
2025-04-01,ARM,106.9800033569336
2025-04-02,ARM,108.13999938964844
2025-04-03,ARM,97.72000122070312
2025-04-04,ARM,87.70999908447266
2025-04-07,ARM,88.62999725341797
2025-04-08,ARM,85.81999969482422
2025-04-09,ARM,106.58999633789062
2025-04-10,ARM,100.45999908447266
2025-04-11,ARM,103.98999786376953
2025-04-14,ARM,105.05999755859375
2025-04-15,ARM,103.80000305175781
2025-04-16,ARM,101.0
2025-04-17,ARM,100.7300033569336
2025-04-21,ARM,96.83000183105469
2025-04-22,ARM,100.55000305175781
2025-04-23,ARM,105.16000366210938
2025-04-24,ARM,112.01000213623047
2025-04-25,ARM,113.33999633789062
2025-04-28,ARM,112.08000183105469
2025-04-29,ARM,111.6500015258789
2025-04-30,ARM,114.05000305175781
2025-05-01,ARM,115.4000015258789
2025-05-02,ARM,123.2699966430664
2025-05-05,ARM,121.94999694824219
2025-05-06,ARM,122.44000244140625
2025-05-07,ARM,124.19000244140625
2025-05-08,ARM,116.5199966430664
2025-05-09,ARM,115.80000305175781
2025-05-12,ARM,124.80999755859375
2025-05-13,ARM,126.68000030517578
2025-05-14,ARM,133.4499969482422
2025-05-15,ARM,133.07000732421875
2025-05-16,ARM,135.9600067138672
2025-05-19,ARM,132.0500030517578
2025-05-20,ARM,131.0399932861328
2025-05-21,ARM,130.4499969482422
2025-05-22,ARM,129.27999877929688
2025-05-23,ARM,127.18000030517578
2025-05-27,ARM,133.9600067138672
2025-05-28,ARM,135.5399932861328
2025-05-29,ARM,128.10000610351562
2025-05-30,ARM,124.54000091552734
2025-06-02,ARM,126.05500030517578
2025-06-03,ARM,128.77999877929688
2025-06-04,ARM,130.36000061035156
2025-06-05,ARM,129.5500030517578
2025-06-06,ARM,133.11000061035156
2025-06-09,ARM,138.61000061035156
2025-06-10,ARM,140.6300048828125
2025-06-11,ARM,140.3800048828125
2025-06-12,ARM,138.6199951171875
2025-06-13,ARM,135.5500030517578
2025-06-16,ARM,142.0399932861328
2025-06-17,ARM,144.72000122070312
2025-06-18,ARM,146.0500030517578
2025-06-20,ARM,145.0399932861328
2025-06-23,ARM,149.3300018310547
2025-06-24,ARM,156.41000366210938
2025-06-25,ARM,157.30999755859375
2025-06-26,ARM,158.14999389648438
2025-06-27,ARM,165.4600067138672
2025-06-30,ARM,161.74000549316406
2025-07-01,ARM,156.3300018310547
2025-07-02,ARM,154.6300048828125
2025-07-03,ARM,155.08999633789062
2025-07-07,ARM,146.8800048828125
2025-07-08,ARM,147.7899932861328
2025-07-09,ARM,148.02000427246094
2025-07-10,ARM,148.5500030517578
2025-07-11,ARM,145.94000244140625
2025-07-14,ARM,144.5399932861328
2025-07-15,ARM,147.11000061035156
2025-07-16,ARM,153.89999389648438
2025-07-17,ARM,157.17999267578125
2025-07-18,ARM,156.74000549316406
2025-07-21,ARM,161.9199981689453
2025-07-22,ARM,156.5
2025-07-23,ARM,159.27999877929688
2025-07-24,ARM,159.99000549316406
2025-07-25,ARM,163.1699981689453
2025-07-28,ARM,164.3699951171875
2025-07-29,ARM,163.47000122070312
2025-07-30,ARM,163.3249969482422
2025-07-31,ARM,141.375
2025-08-01,ARM,137.5800018310547
2025-08-04,ARM,140.0500030517578
2025-08-05,ARM,137.22999572753906
2025-08-06,ARM,136.1199951171875
2025-08-07,ARM,135.57000732421875
2025-08-08,ARM,138.5
2025-08-11,ARM,141.0500030517578
2025-08-12,ARM,142.38999938964844
2025-08-13,ARM,141.60000610351562
2025-08-14,ARM,140.5500030517578
2025-08-15,ARM,138.91000366210938
2025-08-18,ARM,141.05999755859375
2025-08-19,ARM,134.00999450683594
2025-08-20,ARM,131.16000366210938
2025-08-21,ARM,133.27999877929688
2025-08-22,ARM,137.9199981689453
2025-08-25,ARM,137.77999877929688
2025-08-26,ARM,140.25999450683594
2025-08-27,ARM,140.66000366210938
2025-08-28,ARM,142.5500030517578
2025-08-29,ARM,138.30999755859375
2025-09-02,ARM,132.33999633789062
2025-09-03,ARM,131.4199981689453
2025-09-04,ARM,135.47999572753906
2025-09-05,ARM,138.1699981689453
2025-09-08,ARM,139.13999938964844
2025-09-09,ARM,140.8000030517578
2025-09-10,ARM,154.13999938964844
2025-09-11,ARM,154.6999969482422
2025-09-12,ARM,150.63999938964844
2025-09-15,ARM,153.86000061035156
2025-09-16,ARM,153.85000610351562
2025-09-17,ARM,153.3699951171875
2025-09-18,ARM,146.5399932861328
2025-09-19,ARM,142.91000366210938
2025-09-22,ARM,144.47999572753906
2025-09-23,ARM,140.99000549316406
2025-09-24,ARM,144.3000030517578
2025-09-25,ARM,140.64999389648438
2025-09-26,ARM,139.6199951171875
2025-09-29,ARM,139.8000030517578
2025-09-30,ARM,141.49000549316406
2025-10-01,ARM,150.3800048828125
2025-10-02,ARM,152.14500427246094
2025-10-03,ARM,152.63999938964844
2025-10-06,ARM,156.22000122070312
2025-10-07,ARM,159.34500122070312
2025-10-08,ARM,166.77000427246094
2025-10-09,ARM,170.66000366210938
2025-10-10,ARM,154.80999755859375
2025-10-13,ARM,171.94000244140625
2025-10-14,ARM,168.16000366210938
2025-10-15,ARM,170.6699981689453
2025-10-16,ARM,171.19000244140625
2025-10-17,ARM,165.61000061035156
2025-10-20,ARM,171.5
2025-10-21,ARM,169.3800048828125
2025-10-22,ARM,165.7100067138672
2025-10-23,ARM,166.60000610351562
2025-10-24,ARM,170.67999267578125
2025-10-27,ARM,178.6199951171875
2025-10-28,ARM,173.08999633789062
2025-10-29,ARM,170.38999938964844
2025-10-30,ARM,165.4499969482422
2025-10-31,ARM,169.82000732421875
2025-11-03,ARM,168.67999267578125
2025-11-04,ARM,160.72999572753906
2025-11-05,ARM,160.19000244140625
2025-11-06,ARM,158.25
2025-11-07,ARM,152.3800048828125
2025-11-10,ARM,154.83999633789062
2025-11-11,ARM,149.74000549316406
2025-11-12,ARM,148.75
2025-11-13,ARM,140.30999755859375
2025-11-14,ARM,139.77000427246094
2025-11-17,ARM,140.25999450683594
2025-11-18,ARM,136.0399932861328
2025-11-19,ARM,136.99000549316406
2025-11-20,ARM,132.52999877929688
2025-11-21,ARM,131.57000732421875
2025-11-24,ARM,134.7100067138672
2025-11-25,ARM,131.44000244140625
2025-11-26,ARM,132.61000061035156
2025-11-28,ARM,135.55999755859375
2025-12-01,ARM,135.00999450683594
2025-12-02,ARM,136.47999572753906
2025-12-03,ARM,139.19000244140625
2025-12-04,ARM,140.49000549316406
2025-12-05,ARM,141.30999755859375
2025-12-08,ARM,139.77999877929688
2025-12-09,ARM,141.92999267578125
2025-12-10,ARM,141.52000427246094
2025-12-11,ARM,136.13999938964844
2025-12-12,ARM,130.88999938964844
2025-12-15,ARM,124.37000274658203
2025-12-16,ARM,121.0999984741211
2025-12-17,ARM,114.58000183105469
2025-12-18,ARM,113.51000213623047
2025-12-19,ARM,114.02999877929688
2025-12-22,ARM,113.29000091552734
2025-12-23,ARM,112.0199966430664
2025-12-24,ARM,111.55000305175781
2025-12-26,ARM,110.2699966430664
2025-12-29,ARM,110.51000213623047
2025-12-30,ARM,110.86000061035156
2025-12-31,ARM,109.30999755859375
2026-01-02,ARM,114.7300033569336
2026-01-05,ARM,116.11000061035156
2026-01-06,ARM,115.52999877929688
2026-01-07,ARM,115.68000030517578
2026-01-08,ARM,113.08000183105469
2026-01-09,ARM,111.79000091552734
2026-01-12,ARM,111.13999938964844
2026-01-13,ARM,107.83999633789062
2026-01-14,ARM,104.98999786376953
2026-01-15,ARM,105.11000061035156
2026-01-16,ARM,105.77999877929688
2026-01-20,ARM,107.16999816894531
2026-01-21,ARM,113.91999816894531
2026-01-22,ARM,119.19999694824219
2026-01-23,ARM,116.06999969482422
2026-01-26,ARM,114.7300033569336
2026-01-27,ARM,114.87999725341797
2026-01-28,ARM,109.95999908447266
2026-01-29,ARM,108.43000030517578
2026-01-30,ARM,105.36000061035156
2026-02-02,ARM,106.93000030517578
2026-02-03,ARM,104.55000305175781
2026-02-04,ARM,104.9000015258789
2026-02-05,ARM,110.87999725341797
2026-02-06,ARM,123.69999694824219
2026-02-09,ARM,124.61000061035156
2026-02-10,ARM,125.94999694824219
2026-02-11,ARM,125.27999877929688
2026-02-12,ARM,122.19000244140625
2026-02-13,ARM,125.27999877929688
2026-02-17,ARM,126.88999938964844
2026-02-18,ARM,127.23999786376953
2026-02-19,ARM,126.93000030517578
2026-02-20,ARM,125.58000183105469
2026-02-23,ARM,123.77999877929688
2026-02-24,ARM,128.13999938964844
2026-02-25,ARM,131.74000549316406
2026-02-26,ARM,129.25999450683594
2026-02-27,ARM,127.44999694824219
2026-03-02,ARM,124.37000274658203
2026-03-03,ARM,121.72000122070312
2026-03-04,ARM,124.11000061035156
2026-03-05,ARM,120.62000274658203
2026-03-06,ARM,114.37999725341797
2026-03-09,ARM,117.62999725341797
2026-03-10,ARM,120.55000305175781
2026-03-11,ARM,120.0999984741211
2026-03-12,ARM,115.12000274658203
2026-03-13,ARM,115.75
2026-03-16,ARM,121.69999694824219
2026-03-17,ARM,127.30999755859375
2026-03-18,ARM,128.36000061035156
2026-03-19,ARM,129.82000732421875
2026-03-20,ARM,132.35000610351562
2026-03-23,ARM,136.88999938964844
2026-03-24,ARM,134.9600067138672
2026-03-25,ARM,157.07000732421875
2026-03-26,ARM,154.8000030517578
2026-03-27,ARM,144.1300048828125
2026-03-30,ARM,136.9600067138672
2026-03-31,ARM,151.27999877929688
2026-04-01,ARM,155.07000732421875
2026-04-02,ARM,149.11000061035156
2026-04-06,ARM,148.77000427246094
2026-04-07,ARM,143.86000061035156
2026-04-08,ARM,148.91000366210938
2026-04-09,ARM,149.7949981689453
2026-04-10,ARM,148.92999267578125
2026-04-13,ARM,157.5800018310547
2026-04-14,ARM,161.22000122070312
2026-04-15,ARM,159.33999633789062
2026-04-16,ARM,162.3300018310547
2026-04-17,ARM,166.72999572753906
2026-04-20,ARM,175.10000610351562
2026-04-21,ARM,175.49000549316406
2026-04-22,ARM,196.57000732421875
2026-04-23,ARM,204.61000061035156
2026-04-24,ARM,234.80999755859375
2026-04-27,ARM,215.8800048828125
2026-04-28,ARM,198.64999389648438
2026-04-29,ARM,201.69000244140625
2026-04-30,ARM,210.32000732421875
2026-05-01,ARM,211.17999267578125
2026-05-04,ARM,203.25999450683594
2026-05-05,ARM,208.83999633789062
2026-05-06,ARM,237.3000030517578
2026-05-07,ARM,213.30999755859375
2026-05-08,ARM,213.27000427246094
2026-05-11,ARM,212.64999389648438
2026-05-12,ARM,207.9199981689453
2026-05-13,ARM,221.2100067138672
2026-05-14,ARM,228.5
2026-05-15,ARM,209.16000366210938
2026-05-18,ARM,215.1199951171875
2026-05-19,ARM,223.14999389648438
2026-05-20,ARM,256.7300109863281
2026-05-21,ARM,298.2300109863281
2026-05-22,ARM,306.510009765625
2026-05-26,ARM,321.2200012207031
2026-05-27,ARM,302.7099914550781
2026-05-28,ARM,335.2699890136719
2026-05-29,ARM,353.2900085449219
2026-06-01,ARM,408.8500061035156
2026-06-02,ARM,402.7099914550781
2026-06-03,ARM,411.8299865722656
2026-06-04,ARM,393.44000244140625
2026-06-05,ARM,342.92999267578125
2026-06-08,ARM,346.3900146484375
2026-06-09,ARM,324.8599853515625
2026-06-10,ARM,307.42999267578125
2026-06-11,ARM,342.2300109863281
2026-06-12,ARM,380.80999755859375
2026-06-15,ARM,412.54998779296875
2026-06-16,ARM,396.3399963378906
2026-06-17,ARM,418.8800048828125
2026-06-18,ARM,439.4599914550781
2026-06-22,ARM,407.7200012207031
2026-06-23,ARM,366.3900146484375
2026-06-24,ARM,359.0799865722656
2026-06-25,ARM,347.7099914550781
2026-06-26,ARM,334.2699890136719
2026-06-29,ARM,343.5799865722656
2026-06-30,ARM,354.57000732421875
2026-07-01,ARM,337.4700012207031
2026-07-02,ARM,315.2799987792969
2026-07-06,ARM,322.239990234375
2026-07-07,ARM,300.42999267578125
2026-07-08,ARM,300.239990234375
2026-07-09,ARM,327.8699951171875
2026-07-10,ARM,323.3900146484375
2026-07-13,ARM,298.989990234375
2026-07-14,ARM,281.1700134277344
2026-07-15,ARM,277.010009765625
2026-07-16,ARM,262.010009765625
2026-07-17,ARM,267.19000244140625
2026-07-20,ARM,269.6099853515625
2026-07-21,ARM,289.7300109863281
2026-07-22,ARM,283.3999938964844
2026-07-23,ARM,283.0400085449219
2026-07-24,ARM,260.010009765625
2026-07-27,ARM,266.3299865722656
2026-07-28,ARM,244.74000549316406
2026-07-29,ARM,224.88999938964844
2026-07-30,ARM,241.5399932861328
2026-07-31,ARM,239.69000244140625
2026-08-03,ARM,239.05999755859375
2026-08-04,ARM,280.55999755859375
2026-08-05,ARM,274.5799865722656
2026-08-06,ARM,286.67999267578125
2026-08-07,ARM,282.57000732421875
2026-08-10,ARM,267.8500061035156
2026-08-11,ARM,268.92999267578125
2026-08-12,ARM,271.8699951171875
2026-08-13,ARM,278.6499938964844
2026-08-14,ARM,279.44000244140625
2026-08-17,ARM,271.42999267578125
2026-08-18,ARM,253.32000732421875
2026-08-19,ARM,249.33999633789062
2026-08-20,ARM,250.72000122070312
2026-08-21,ARM,243.32000732421875
2026-08-24,ARM,238.77999877929688
2026-08-25,ARM,241.55999755859375
2026-08-26,ARM,251.05999755859375
2026-08-27,ARM,255.2100067138672
2026-08-28,ARM,239.0500030517578
2026-08-31,ARM,241.91000366210938
2026-09-01,ARM,234.82000732421875
2026-09-02,ARM,234.86000061035156
2026-09-03,ARM,242.58999633789062
2026-09-04,ARM,252.08999633789062
2026-09-08,ARM,261.5299987792969
2026-09-09,ARM,264.2300109863281
2026-09-10,ARM,254.17999267578125
2026-09-11,ARM,264.7900085449219
2026-09-14,ARM,239.00999450683594
2026-09-15,ARM,241.8300018310547
2026-09-16,ARM,243.97999572753906
2026-09-17,ARM,264.8999938964844
2026-09-18,ARM,275.6099853515625
2026-09-21,ARM,322.8999938964844
2026-09-22,ARM,333.20001220703125
2026-09-23,ARM,332.55999755859375
2026-09-24,ARM,306.3399963378906
2026-09-25,ARM,310.32000732421875
2026-09-28,ARM,283.3299865722656
2026-09-29,ARM,293.6700134277344
2026-09-30,ARM,289.6600036621094
2026-10-01,ARM,292.3399963378906
2026-10-02,ARM,307.489990234375
2024-10-07,ASML,803.7786254882812
2024-10-08,ASML,810.6730346679688
2024-10-09,ASML,831.9563598632812
2024-10-10,ASML,820.2229614257812
2024-10-11,ASML,826.8322143554688
2024-10-14,ASML,857.8916625976562
2024-10-15,ASML,718.3897094726562
2024-10-16,ASML,672.2529907226562
2024-10-17,ASML,689.051513671875
2024-10-18,ASML,711.337890625
2024-10-21,ASML,702.328857421875
2024-10-22,ASML,709.026611328125
2024-10-23,ASML,696.939208984375
2024-10-24,ASML,699.0931396484375
2024-10-25,ASML,699.9684448242188
2024-10-28,ASML,696.96875
2024-10-29,ASML,704.9842529296875
2024-10-30,ASML,674.1189575195312
2024-10-31,ASML,662.9990844726562
2024-11-01,ASML,665.148193359375
2024-11-04,ASML,661.6287841796875
2024-11-05,ASML,666.8535766601562
2024-11-06,ASML,652.0370483398438
2024-11-07,ASML,667.593017578125
2024-11-08,ASML,659.962890625
2024-11-11,ASML,661.7767944335938
2024-11-12,ASML,659.6770629882812
2024-11-13,ASML,663.846923828125
2024-11-14,ASML,683.119384765625
2024-11-15,ASML,649.27685546875
2024-11-18,ASML,655.7830810546875
2024-11-19,ASML,652.756591796875
2024-11-20,ASML,649.0797119140625
2024-11-21,ASML,662.6146850585938
2024-11-22,ASML,663.3244018554688
2024-11-25,ASML,674.749755859375
2024-11-26,ASML,662.4273071289062
2024-11-27,ASML,660.95849609375
2024-11-29,ASML,676.8594360351562
2024-12-02,ASML,701.3663940429688
2024-12-03,ASML,707.8627319335938
2024-12-04,ASML,709.6963500976562
2024-12-05,ASML,701.39599609375
2024-12-06,ASML,698.9118041992188
2024-12-09,ASML,696.4867553710938
2024-12-10,ASML,695.2544555664062
2024-12-11,ASML,704.2843017578125
2024-12-12,ASML,702.97314453125
2024-12-13,ASML,708.3754272460938
2024-12-16,ASML,712.1215209960938
2024-12-17,ASML,724.74951171875
2024-12-18,ASML,709.2725219726562
2024-12-19,ASML,700.1737060546875
2024-12-20,ASML,695.6585693359375
2024-12-23,ASML,710.8004760742188
2024-12-24,ASML,709.4893798828125
2024-12-26,ASML,705.6940307617188
2024-12-27,ASML,703.456298828125
2024-12-30,ASML,686.2639770507812
2024-12-31,ASML,683.2376098632812
2025-01-02,ASML,690.4732666015625
2025-01-03,ASML,704.21533203125
2025-01-06,ASML,757.596435546875
2025-01-07,ASML,746.8216552734375
2025-01-08,ASML,733.4147338867188
2025-01-10,ASML,728.5153198242188
2025-01-13,ASML,717.0800170898438
2025-01-14,ASML,725.8339233398438
2025-01-15,ASML,715.9857788085938
2025-01-16,ASML,739.6253051757812
2025-01-17,ASML,745.58935546875
2025-01-21,ASML,752.1646728515625
2025-01-22,ASML,755.822021484375
2025-01-23,ASML,735.6426391601562
2025-01-24,ASML,721.8513793945312
2025-01-27,ASML,680.3491821289062
2025-01-28,ASML,673.645751953125
2025-01-29,ASML,702.5296630859375
2025-01-30,ASML,726.5240478515625
2025-01-31,ASML,728.81103515625
2025-02-03,ASML,720.6781616210938
2025-02-04,ASML,721.0232543945312
2025-02-05,ASML,732.0445556640625
2025-02-06,ASML,728.6336669921875
2025-02-07,ASML,717.3659057617188
2025-02-10,ASML,733.5132446289062
2025-02-11,ASML,743.8564453125
2025-02-12,ASML,747.0078125
2025-02-13,ASML,767.5755615234375
2025-02-14,ASML,742.44384765625
2025-02-18,ASML,735.2025756835938
2025-02-19,ASML,735.7755737304688
2025-02-20,ASML,734.0863037109375
2025-02-21,ASML,728.277587890625
2025-02-24,ASML,727.042724609375
2025-02-25,ASML,721.3425903320312
2025-02-26,ASML,737.8798217773438
2025-02-27,ASML,689.2462768554688
2025-02-28,ASML,700.4884033203125
2025-03-03,ASML,691.3800659179688
2025-03-04,ASML,699.6387939453125
2025-03-05,ASML,730.7867431640625
2025-03-06,ASML,706.1786499023438
2025-03-07,ASML,723.347900390625
2025-03-10,ASML,674.8328857421875
2025-03-11,ASML,681.8469848632812
2025-03-12,ASML,694.8475341796875
2025-03-13,ASML,686.1740112304688
2025-03-14,ASML,705.3487548828125
2025-03-17,ASML,721.4808959960938
2025-03-18,ASML,722.25146484375
2025-03-19,ASML,726.00537109375
2025-03-20,ASML,725.165771484375
2025-03-21,ASML,707.5418701171875
2025-03-24,ASML,719.0210571289062
2025-03-25,ASML,717.9343872070312
2025-03-26,ASML,697.2086181640625
2025-03-27,ASML,682.261962890625
2025-03-28,ASML,666.4063720703125
2025-03-31,ASML,654.6012573242188
2025-04-01,ASML,659.254150390625
2025-04-02,ASML,660.9039306640625
2025-04-03,ASML,615.668701171875
2025-04-04,ASML,598.2127685546875
2025-04-07,ASML,608.378173828125
2025-04-08,ASML,588.1561279296875
2025-04-09,ASML,678.9328002929688
2025-04-10,ASML,641.6796264648438
2025-04-11,ASML,660.706298828125
2025-04-14,ASML,664.717041015625
2025-04-15,ASML,674.8823852539062
2025-04-16,ASML,627.23681640625
2025-04-17,ASML,632.4034423828125
2025-04-21,ASML,617.1209716796875
2025-04-22,ASML,630.9512939453125
2025-04-23,ASML,650.0075073242188
2025-04-24,ASML,666.8213500976562
2025-04-25,ASML,669.0638427734375
2025-04-28,ASML,666.6668090820312
2025-04-29,ASML,660.0769653320312
2025-04-30,ASML,662.0291137695312
2025-05-01,ASML,660.6814575195312
2025-05-02,ASML,684.07763671875
2025-05-05,ASML,677.1707153320312
2025-05-06,ASML,673.8312377929688
2025-05-07,ASML,694.0464477539062
2025-05-08,ASML,701.6173095703125
2025-05-09,ASML,699.8137817382812
2025-05-12,ASML,743.4053344726562
2025-05-13,ASML,756.9812622070312
2025-05-14,ASML,761.9458618164062
2025-05-15,ASML,751.491455078125
2025-05-16,ASML,741.3243408203125
2025-05-19,ASML,742.3450317382812
2025-05-20,ASML,741.978515625
2025-05-21,ASML,730.4933471679688
2025-05-22,ASML,733.9913330078125
2025-05-23,ASML,725.8557739257812
2025-05-27,ASML,749.9357299804688
2025-05-28,ASML,739.748779296875
2025-05-29,ASML,740.3037109375
2025-05-30,ASML,730.0969848632812
2025-06-02,ASML,739.7686157226562
2025-06-03,ASML,740.4819946289062
2025-06-04,ASML,736.0525512695312
2025-06-05,ASML,740.9874877929688
2025-06-06,ASML,746.1998291015625
2025-06-09,ASML,763.2241821289062
2025-06-10,ASML,777.8604125976562
2025-06-11,ASML,776.9884033203125
2025-06-12,ASML,779.0892333984375
2025-06-13,ASML,754.1075439453125
2025-06-16,ASML,768.2086181640625
2025-06-17,ASML,752.977783203125
2025-06-18,ASML,754.7417602539062
2025-06-20,ASML,749.6780395507812
2025-06-23,ASML,772.657958984375
2025-06-24,ASML,805.9932861328125
2025-06-25,ASML,807.8563232421875
2025-06-26,ASML,790.861572265625
2025-06-27,ASML,788.740966796875
2025-06-30,ASML,794.1317138671875
2025-07-01,ASML,783.310546875
2025-07-02,ASML,792.3480224609375
2025-07-03,ASML,787.3041381835938
2025-07-07,ASML,777.9793090820312
2025-07-08,ASML,786.90771484375
2025-07-09,ASML,792.5858764648438
2025-07-10,ASML,794.8253784179688
2025-07-11,ASML,794.6668701171875
2025-07-14,ASML,799.42333984375
2025-07-15,ASML,815.5658569335938
2025-07-16,ASML,747.6168212890625
2025-07-17,ASML,738.1632080078125
2025-07-18,ASML,727.9268188476562
2025-07-21,ASML,713.1617431640625
2025-07-22,ASML,699.09033203125
2025-07-23,ASML,710.4366455078125
2025-07-24,ASML,718.512939453125
2025-07-25,ASML,704.8081665039062
2025-07-28,ASML,723.37841796875
2025-07-29,ASML,713.7885131835938
2025-07-30,ASML,716.7291870117188
2025-07-31,ASML,690.1641845703125
2025-08-01,ASML,685.3062133789062
2025-08-04,ASML,694.78369140625
2025-08-05,ASML,685.1173706054688
2025-08-06,ASML,686.438720703125
2025-08-07,ASML,708.4536743164062
2025-08-08,ASML,717.5934448242188
2025-08-11,ASML,716.590087890625
2025-08-12,ASML,736.9360961914062
2025-08-13,ASML,750.6259155273438
2025-08-14,ASML,750.2682495117188
2025-08-15,ASML,737.3036499023438
2025-08-18,ASML,742.6583862304688
2025-08-19,ASML,738.744140625
2025-08-20,ASML,744.5856323242188
2025-08-21,ASML,730.587890625
2025-08-22,ASML,749.9503784179688
2025-08-25,ASML,749.523193359375
2025-08-26,ASML,758.2060546875
2025-08-27,ASML,764.96142578125
2025-08-28,ASML,758.4642944335938
2025-08-29,ASML,737.7606201171875
2025-09-02,ASML,721.100341796875
2025-09-03,ASML,731.9985961914062
2025-09-04,ASML,748.4998779296875
2025-09-05,ASML,776.5849609375
2025-09-08,ASML,791.039794921875
2025-09-09,ASML,799.861572265625
2025-09-10,ASML,787.9500732421875
2025-09-11,ASML,798.89794921875
2025-09-12,ASML,808.5443725585938
2025-09-15,ASML,861.6248168945312
2025-09-16,ASML,872.6719970703125
2025-09-17,ASML,866.5623168945312
2025-09-18,ASML,921.7288818359375
2025-09-19,ASML,926.0504760742188
2025-09-22,ASML,951.5325317382812
2025-09-23,ASML,957.2052001953125
2025-09-24,ASML,940.7437133789062
2025-09-25,ASML,943.3366088867188
2025-09-26,ASML,945.2937622070312
2025-09-29,ASML,956.3110961914062
2025-09-30,ASML,961.7553100585938
2025-10-01,ASML,996.7051391601562
2025-10-02,ASML,1023.4290771484375
2025-10-03,ASML,1025.465576171875
2025-10-06,ASML,1036.47314453125
2025-10-07,ASML,995.741455078125
2025-10-08,ASML,981.3462524414062
2025-10-09,ASML,974.123779296875
2025-10-10,ASML,930.0640258789062
2025-10-13,ASML,978.2169189453125
2025-10-14,ASML,976.7465209960938
2025-10-15,ASML,1003.2022705078125
2025-10-16,ASML,1012.9183349609375
2025-10-17,ASML,1022.5350341796875
2025-10-20,ASML,1035.3306884765625
2025-10-21,ASML,1018.312744140625
2025-10-22,ASML,1004.9508056640625
2025-10-23,ASML,1029.6282958984375
2025-10-24,ASML,1026.33984375
2025-10-27,ASML,1053.0439453125
2025-10-28,ASML,1045.593017578125
2025-10-29,ASML,1065.7203369140625
2025-10-30,ASML,1070.308349609375
2025-10-31,ASML,1054.1658935546875
2025-11-03,ASML,1061.7196044921875
2025-11-04,ASML,1025.2149658203125
2025-11-05,ASML,1038.7598876953125
2025-11-06,ASML,1024.2794189453125
2025-11-07,ASML,1012.0979614257812
2025-11-10,ASML,1033.8236083984375
2025-11-11,ASML,1017.5318603515625
2025-11-12,ASML,1032.3704833984375
2025-11-13,ASML,1014.9840698242188
2025-11-14,ASML,1002.1655883789062
2025-11-17,ASML,1015.1234130859375
2025-11-18,ASML,999.2595825195312
2025-11-19,ASML,1034.3609619140625
2025-11-20,ASML,976.349609375
2025-11-21,ASML,961.9488525390625
2025-11-24,ASML,983.0972900390625
2025-11-25,ASML,998.423583984375
2025-11-26,ASML,1035.9931640625
2025-11-28,ASML,1054.9322509765625
2025-12-01,ASML,1082.788330078125
2025-12-02,ASML,1103.4788818359375
2025-12-03,ASML,1135.46533203125
2025-12-04,ASML,1104.772705078125
2025-12-05,ASML,1094.2135009765625
2025-12-08,ASML,1114.336669921875
2025-12-09,ASML,1106.1260986328125
2025-12-10,ASML,1113.968505859375
2025-12-11,ASML,1117.4716796875
2025-12-12,ASML,1075.6826171875
2025-12-15,ASML,1082.619140625
2025-12-16,ASML,1070.9053955078125
2025-12-17,ASML,1010.5753173828125
2025-12-18,ASML,1031.35546875
2025-12-19,ASML,1050.97119140625
2025-12-22,ASML,1051.9266357421875
2025-12-23,ASML,1056.7633056640625
2025-12-24,ASML,1060.4259033203125
2025-12-26,ASML,1067.6212158203125
2025-12-29,ASML,1060.9034423828125
2025-12-30,ASML,1067.0142822265625
2025-12-31,ASML,1064.7451171875
2026-01-02,ASML,1158.216064453125
2026-01-05,ASML,1222.318115234375
2026-01-06,ASML,1236.251220703125
2026-01-07,ASML,1222.5968017578125
2026-01-08,ASML,1188.60986328125
2026-01-09,ASML,1267.7896728515625
2026-01-12,ASML,1275.1044921875
2026-01-13,ASML,1264.0875244140625
2026-01-14,ASML,1257.6781005859375
2026-01-15,ASML,1325.2337646484375
2026-01-16,ASML,1352.07470703125
2026-01-20,ASML,1319.72998046875
2026-01-21,ASML,1353.58740234375
2026-01-22,ASML,1388.3306884765625
2026-01-23,ASML,1382.399169921875
2026-01-26,ASML,1406.5928955078125
2026-01-27,ASML,1447.635498046875
2026-01-28,ASML,1416.1170654296875
2026-01-29,ASML,1448.202880859375
2026-01-30,ASML,1416.1966552734375
2026-02-02,ASML,1434.4989013671875
2026-02-03,ASML,1389.2064208984375
2026-02-04,ASML,1332.7276611328125
2026-02-05,ASML,1343.7049560546875
2026-02-06,ASML,1406.2545166015625
2026-02-09,ASML,1422.655517578125
2026-02-10,ASML,1408.7171630859375
2026-02-11,ASML,1430.65087890625
2026-02-12,ASML,1401.9906005859375
2026-02-13,ASML,1401.7315673828125
2026-02-17,ASML,1414.8558349609375
2026-02-18,ASML,1463.6259765625
2026-02-19,ASML,1453.8701171875
2026-02-20,ASML,1464.4930419921875
2026-02-23,ASML,1480.836181640625
2026-02-24,ASML,1492.6053466796875
2026-02-25,ASML,1521.2156982421875
2026-02-26,ASML,1458.72314453125
2026-02-27,ASML,1445.5291748046875
2026-03-02,ASML,1418.602783203125
2026-03-03,ASML,1356.2198486328125
2026-03-04,ASML,1394.5166015625
2026-03-05,ASML,1363.6141357421875
2026-03-06,ASML,1288.3162841796875
2026-03-09,ASML,1352.712158203125
2026-03-10,ASML,1378.60205078125
2026-03-11,ASML,1381.87060546875
2026-03-12,ASML,1346.892333984375
2026-03-13,ASML,1341.022705078125
2026-03-16,ASML,1370.7891845703125
2026-03-17,ASML,1384.342041015625
2026-03-18,ASML,1350.469970703125
2026-03-19,ASML,1361.6510009765625
2026-03-20,ASML,1312.681396484375
2026-03-23,ASML,1364.8697509765625
2026-03-24,ASML,1394.5665283203125
2026-03-25,ASML,1389.0556640625
2026-03-26,ASML,1324.888916015625
2026-03-27,ASML,1297.95263671875
2026-03-30,ASML,1249.6109619140625
2026-03-31,ASML,1316.2489013671875
2026-04-01,ASML,1355.0439453125
2026-04-02,ASML,1312.6614990234375
2026-04-06,ASML,1299.4873046875
2026-04-07,ASML,1301.9188232421875
2026-04-08,ASML,1416.1214599609375
2026-04-09,ASML,1443.61572265625
2026-04-10,ASML,1473.1529541015625
2026-04-13,ASML,1494.996826171875
2026-04-14,ASML,1513.0341796875
2026-04-15,ASML,1476.630859375
2026-04-16,ASML,1405.9368896484375
2026-04-17,ASML,1454.737060546875
2026-04-20,ASML,1471.379150390625
2026-04-21,ASML,1453.909912109375
2026-04-22,ASML,1438.653076171875
2026-04-23,ASML,1412.8826904296875
2026-04-24,ASML,1452.644287109375
2026-04-27,ASML,1430.5897216796875
2026-04-28,ASML,1382.771728515625
2026-04-29,ASML,1392.279296875
2026-04-30,ASML,1437.13134765625
2026-05-01,ASML,1425.1768798828125
2026-05-04,ASML,1384.41943359375
2026-05-05,ASML,1441.0562744140625
2026-05-06,ASML,1542.7447509765625
2026-05-07,ASML,1514.64111328125
2026-05-08,ASML,1589.9637451171875
2026-05-11,ASML,1563.78759765625
2026-05-12,ASML,1518.9754638671875
2026-05-13,ASML,1579.537109375
2026-05-14,ASML,1582.46337890625
2026-05-15,ASML,1499.8702392578125
2026-05-18,ASML,1470.48828125
2026-05-19,ASML,1457.554931640625
2026-05-20,ASML,1548.1278076171875
2026-05-21,ASML,1589.9437255859375
2026-05-22,ASML,1630.7908935546875
2026-05-26,ASML,1629.9219970703125
2026-05-27,ASML,1595.80615234375
2026-05-28,ASML,1603.6959228515625
2026-05-29,ASML,1610.6768798828125
2026-06-01,ASML,1626.4664306640625
2026-06-02,ASML,1703.167236328125
2026-06-03,ASML,1724.130126953125
2026-06-04,ASML,1755.199951171875
2026-06-05,ASML,1639.6195068359375
2026-06-08,ASML,1746.7808837890625
2026-06-09,ASML,1775.4737548828125
2026-06-10,ASML,1731.949951171875
2026-06-11,ASML,1897.0264892578125
2026-06-12,ASML,1861.14306640625
2026-06-15,ASML,1890.2154541015625
2026-06-16,ASML,1801.56005859375
2026-06-17,ASML,1865.4173583984375
2026-06-18,ASML,1927.1876220703125
2026-06-22,ASML,1926.7581787109375
2026-06-23,ASML,1776.162841796875
2026-06-24,ASML,1760.4931640625
2026-06-25,ASML,1838.8018798828125
2026-06-26,ASML,1792.302001953125
2026-06-29,ASML,1880.677734375
2026-06-30,ASML,1986.870361328125
2026-07-01,ASML,1840.6595458984375
2026-07-02,ASML,1767.03466796875
2026-07-06,ASML,1822.712646484375
2026-07-07,ASML,1745.023193359375
2026-07-08,ASML,1766.3656005859375
2026-07-09,ASML,1801.9195556640625
2026-07-10,ASML,1794.9984130859375
2026-07-13,ASML,1723.8106689453125
2026-07-14,ASML,1773.3465576171875
2026-07-15,ASML,1812.9254150390625
2026-07-16,ASML,1782.5645751953125
2026-07-17,ASML,1745.32275390625
2026-07-20,ASML,1736.7738037109375
2026-07-21,ASML,1799.18310546875
2026-07-22,ASML,1799.5325927734375
2026-07-23,ASML,1800.671142578125
2026-07-24,ASML,1754.8204345703125
2026-07-27,ASML,1653.1220703125
2026-07-28,ASML,1582.949951171875
2026-07-29,ASML,1550.68994140625
2026-07-30,ASML,1651.43994140625
2026-07-31,ASML,1629.0
2026-08-03,ASML,1642.52001953125
2026-08-04,ASML,1711.8900146484375
2026-08-05,ASML,1678.219970703125
2026-08-06,ASML,1704.3699951171875
2026-08-07,ASML,1740.989990234375
2026-08-10,ASML,1733.47998046875
2026-08-11,ASML,1799.3800048828125
2026-08-12,ASML,1810.0699462890625
2026-08-13,ASML,1847.9000244140625
2026-08-14,ASML,1844.0799560546875
2026-08-17,ASML,1883.1199951171875
2026-08-18,ASML,1802.97998046875
2026-08-19,ASML,1751.72998046875
2026-08-20,ASML,1750.31005859375
2026-08-21,ASML,1763.760009765625
2026-08-24,ASML,1740.1300048828125
2026-08-25,ASML,1744.1600341796875
2026-08-26,ASML,1745.6400146484375
2026-08-27,ASML,1735.010009765625
2026-08-28,ASML,1696.1600341796875
2026-08-31,ASML,1696.010009765625
2026-09-01,ASML,1665.1400146484375
2026-09-02,ASML,1682.300048828125
2026-09-03,ASML,1646.18994140625
2026-09-04,ASML,1714.8800048828125
2026-09-08,ASML,1764.8499755859375
2026-09-09,ASML,1729.52001953125
2026-09-10,ASML,1687.4300537109375
2026-09-11,ASML,1698.300048828125
2026-09-14,ASML,1575.1500244140625
2026-09-15,ASML,1591.47998046875
2026-09-16,ASML,1602.219970703125
2026-09-17,ASML,1629.6700439453125
2026-09-18,ASML,1679.9200439453125
2026-09-21,ASML,1711.3199462890625
2026-09-22,ASML,1747.9000244140625
2026-09-23,ASML,1744.6099853515625
2026-09-24,ASML,1722.5
2026-09-25,ASML,1743.93994140625
2026-09-28,ASML,1771.4100341796875
2026-09-29,ASML,1834.3900146484375
2026-09-30,ASML,1811.6700439453125
2026-10-01,ASML,1808.489990234375
2026-10-02,ASML,1867.31005859375
2024-10-07,AVGO,172.09991455078125
2024-10-08,AVGO,177.65374755859375
2024-10-09,AVGO,182.78488159179688
2024-10-10,AVGO,182.52931213378906
2024-10-11,AVGO,178.39097595214844
2024-10-14,AVGO,179.20684814453125
2024-10-15,AVGO,172.98458862304688
2024-10-16,AVGO,173.81031799316406
2024-10-17,AVGO,178.44012451171875
2024-10-18,AVGO,176.8280487060547
2024-10-21,AVGO,176.9263458251953
2024-10-22,AVGO,176.32672119140625
2024-10-23,AVGO,170.55662536621094
2024-10-24,AVGO,168.43341064453125
2024-10-25,AVGO,170.05532836914062
2024-10-28,AVGO,169.09201049804688
2024-10-29,AVGO,176.1890869140625
2024-10-30,AVGO,173.6333465576172
2024-10-31,AVGO,166.88031005859375
2024-11-01,AVGO,166.04478454589844
2024-11-04,AVGO,165.6810760498047
2024-11-05,AVGO,170.94000244140625
2024-11-06,AVGO,176.49383544921875
2024-11-07,AVGO,180.68130493164062
2024-11-08,AVGO,180.51422119140625
2024-11-11,AVGO,175.86471557617188
2024-11-12,AVGO,173.22048950195312
2024-11-13,AVGO,170.6254425048828
2024-11-14,AVGO,167.47991943359375
2024-11-15,AVGO,162.03421020507812
2024-11-18,AVGO,162.85006713867188
2024-11-19,AVGO,162.53555297851562
2024-11-20,AVGO,160.4712677001953
2024-11-21,AVGO,161.14955139160156
2024-11-22,AVGO,161.43460083007812
2024-11-25,AVGO,162.01454162597656
2024-11-26,AVGO,161.9359130859375
2024-11-27,AVGO,156.9521942138672
2024-11-29,AVGO,159.3212127685547
2024-12-02,AVGO,163.67578125
2024-12-03,AVGO,165.28787231445312
2024-12-04,AVGO,167.65682983398438
2024-12-05,AVGO,167.56837463378906
2024-12-06,AVGO,176.4741668701172
2024-12-09,AVGO,175.89422607421875
2024-12-10,AVGO,168.8855743408203
2024-12-11,AVGO,180.08169555664062
2024-12-12,AVGO,177.58494567871094
2024-12-13,AVGO,220.97361755371094
2024-12-16,AVGO,245.74468994140625
2024-12-17,AVGO,236.14097595214844
2024-12-18,AVGO,219.81369018554688
2024-12-19,AVGO,214.60394287109375
2024-12-20,AVGO,217.0318603515625
2024-12-23,AVGO,229.00706481933594
2024-12-24,AVGO,236.23158264160156
2024-12-26,AVGO,241.8298797607422
2024-12-27,AVGO,238.27182006835938
2024-12-30,AVGO,232.19061279296875
2024-12-31,AVGO,228.50440979003906
2025-01-02,AVGO,228.6423797607422
2025-01-03,AVGO,229.2041778564453
2025-01-06,AVGO,233.0086669921875
2025-01-07,AVGO,225.35043334960938
2025-01-08,AVGO,226.01080322265625
2025-01-10,AVGO,221.08273315429688
2025-01-13,AVGO,222.0486602783203
2025-01-14,AVGO,221.46713256835938
2025-01-15,AVGO,224.71966552734375
2025-01-16,AVGO,226.109375
2025-01-17,AVGO,234.0238494873047
2025-01-21,AVGO,236.8525390625
2025-01-22,AVGO,237.44387817382812
2025-01-23,AVGO,236.82298278808594
2025-01-24,AVGO,241.1793670654297
2025-01-27,AVGO,199.22186279296875
2025-01-28,AVGO,204.37660217285156
2025-01-29,AVGO,203.38113403320312
2025-01-30,AVGO,212.55722045898438
2025-01-31,AVGO,218.08648681640625
2025-02-03,AVGO,214.59739685058594
2025-02-04,AVGO,219.2297821044922
2025-02-05,AVGO,228.66212463378906
2025-02-06,AVGO,228.0312957763672
2025-02-07,AVGO,221.6346893310547
2025-02-10,AVGO,231.65835571289062
2025-02-11,AVGO,231.65835571289062
2025-02-12,AVGO,232.94952392578125
2025-02-13,AVGO,232.40744018554688
2025-02-14,AVGO,229.68711853027344
2025-02-18,AVGO,225.2420196533203
2025-02-19,AVGO,225.43914794921875
2025-02-20,AVGO,223.477783203125
2025-02-21,AVGO,215.51405334472656
2025-02-24,AVGO,204.93841552734375
2025-02-25,AVGO,199.62594604492188
2025-02-26,AVGO,209.87631225585938
2025-02-27,AVGO,194.9541778564453
2025-02-28,AVGO,196.5607147216797
2025-03-03,AVGO,184.67420959472656
2025-03-04,AVGO,184.78262329101562
2025-03-05,AVGO,188.8236541748047
2025-03-06,AVGO,176.8681640625
2025-03-07,AVGO,192.15501403808594
2025-03-10,AVGO,181.79623413085938
2025-03-11,AVGO,187.35507202148438
2025-03-12,AVGO,191.43553161621094
2025-03-13,AVGO,188.60679626464844
2025-03-14,AVGO,192.72665405273438
2025-03-17,AVGO,191.70164489746094
2025-03-18,AVGO,185.9555206298828
2025-03-19,AVGO,192.75625610351562
2025-03-20,AVGO,188.3668670654297
2025-03-21,AVGO,189.47410583496094
2025-03-24,AVGO,189.06878662109375
2025-03-25,AVGO,186.1128692626953
2025-03-26,AVGO,177.2254180908203
2025-03-27,AVGO,170.02845764160156
2025-03-28,AVGO,167.191162109375
2025-03-31,AVGO,165.5204315185547
2025-04-01,AVGO,166.5980224609375
2025-04-02,AVGO,170.12730407714844
2025-04-03,AVGO,152.2534942626953
2025-04-04,AVGO,144.62155151367188
2025-04-07,AVGO,152.3820343017578
2025-04-08,AVGO,154.25045776367188
2025-04-09,AVGO,183.03834533691406
2025-04-10,AVGO,170.33489990234375
2025-04-11,AVGO,179.86495971679688
2025-04-14,AVGO,176.32579040527344
2025-04-15,AVGO,176.9090576171875
2025-04-16,AVGO,172.61854553222656
2025-04-17,AVGO,169.0398406982422
2025-04-21,AVGO,164.3143768310547
2025-04-22,AVGO,167.64593505859375
2025-04-23,AVGO,174.892333984375
2025-04-24,AVGO,186.00413513183594
2025-04-25,AVGO,190.11668395996094
2025-04-28,AVGO,190.2748565673828
2025-04-29,AVGO,188.9897003173828
2025-04-30,AVGO,190.2748565673828
2025-05-01,AVGO,195.07945251464844
2025-05-02,AVGO,201.31747436523438
2025-05-05,AVGO,198.4307861328125
2025-05-06,AVGO,197.8079376220703
2025-05-07,AVGO,202.47413635253906
2025-05-08,AVGO,205.400390625
2025-05-09,AVGO,205.82546997070312
2025-05-12,AVGO,219.0528564453125
2025-05-13,AVGO,229.7692108154297
2025-05-14,AVGO,229.47265625
2025-05-15,AVGO,229.9867401123047
2025-05-16,AVGO,226.00267028808594
2025-05-19,AVGO,227.99966430664062
2025-05-20,AVGO,229.03765869140625
2025-05-21,AVGO,227.10989379882812
2025-05-22,AVGO,227.90078735351562
2025-05-23,AVGO,226.11141967773438
2025-05-27,AVGO,232.96238708496094
2025-05-28,AVGO,236.69927978515625
2025-05-29,AVGO,239.21031188964844
2025-05-30,AVGO,239.3091583251953
2025-06-02,AVGO,245.87342834472656
2025-06-03,AVGO,253.92059326171875
2025-06-04,AVGO,258.1023254394531
2025-06-05,AVGO,256.9654846191406
2025-06-06,AVGO,244.11373901367188
2025-06-09,AVGO,241.4939727783203
2025-06-10,AVGO,241.83998107910156
2025-06-11,AVGO,250.02554321289062
2025-06-12,AVGO,253.14950561523438
2025-06-13,AVGO,245.86355590820312
2025-06-16,AVGO,249.22479248046875
2025-06-17,AVGO,246.52589416503906
2025-06-18,AVGO,248.3943634033203
2025-06-20,AVGO,247.72056579589844
2025-06-23,AVGO,251.4662322998047
2025-06-24,AVGO,261.3754577636719
2025-06-25,AVGO,262.2474365234375
2025-06-26,AVGO,267.71734619140625
2025-06-27,AVGO,266.9048156738281
2025-06-30,AVGO,273.1475830078125
2025-07-01,AVGO,262.3366394042969
2025-07-02,AVGO,267.44976806640625
2025-07-03,AVGO,272.68182373046875
2025-07-07,AVGO,271.6909484863281
2025-07-08,AVGO,269.3324890136719
2025-07-09,AVGO,275.3771667480469
2025-07-10,AVGO,272.8998718261719
2025-07-11,AVGO,271.8891296386719
2025-07-14,AVGO,273.0980224609375
2025-07-15,AVGO,278.3895568847656
2025-07-16,AVGO,278.2607116699219
2025-07-17,AVGO,283.8495178222656
2025-07-18,AVGO,280.7677917480469
2025-07-21,AVGO,285.59356689453125
2025-07-22,AVGO,276.0608825683594
2025-07-23,AVGO,281.1146240234375
2025-07-24,AVGO,286.08905029296875
2025-07-25,AVGO,287.545654296875
2025-07-28,AVGO,291.62823486328125
2025-07-29,AVGO,294.7200012207031
2025-07-30,AVGO,299.8727111816406
2025-07-31,AVGO,291.0337219238281
2025-08-01,AVGO,286.0196838378906
2025-08-04,AVGO,295.0172424316406
2025-08-05,AVGO,290.27069091796875
2025-08-06,AVGO,298.9313659667969
2025-08-07,AVGO,301.0024108886719
2025-08-08,AVGO,302.2013854980469
2025-08-11,AVGO,301.14111328125
2025-08-12,AVGO,309.9900207519531
2025-08-13,AVGO,306.28399658203125
2025-08-14,AVGO,308.40460205078125
2025-08-15,AVGO,303.5589904785156
2025-08-18,AVGO,302.9842529296875
2025-08-19,AVGO,292.2327575683594
2025-08-20,AVGO,288.5267028808594
2025-08-21,AVGO,286.970947265625
2025-08-22,AVGO,291.33099365234375
2025-08-25,AVGO,291.55889892578125
2025-08-26,AVGO,295.3045959472656
2025-08-27,AVGO,297.5242614746094
2025-08-28,AVGO,305.8479919433594
2025-08-29,AVGO,294.69024658203125
2025-09-02,AVGO,295.53253173828125
2025-09-03,AVGO,299.64483642578125
2025-09-04,AVGO,303.3211669921875
2025-09-05,AVGO,331.8497619628906
2025-09-08,AVGO,342.5121154785156
2025-09-09,AVGO,333.6136779785156
2025-09-10,AVGO,366.2149658203125
2025-09-11,AVGO,356.3652038574219
2025-09-12,AVGO,356.60302734375
2025-09-15,AVGO,360.78472900390625
2025-09-16,AVGO,356.7318420410156
2025-09-17,AVGO,343.0273742675781
2025-09-18,AVGO,342.2148742675781
2025-09-19,AVGO,341.8085632324219
2025-09-22,AVGO,336.2895812988281
2025-09-23,AVGO,336.4384765625
2025-09-24,AVGO,336.8057556152344
2025-09-25,AVGO,333.61944580078125
2025-09-26,AVGO,332.06103515625
2025-09-29,AVGO,325.4799499511719
2025-09-30,AVGO,327.4751281738281
2025-10-01,AVGO,330.929443359375
2025-10-02,AVGO,335.68408203125
2025-10-03,AVGO,335.8726806640625
2025-10-06,AVGO,333.0139465332031
2025-10-07,AVGO,333.9271545410156
2025-10-08,AVGO,342.9500427246094
2025-10-09,AVGO,342.47357177734375
2025-10-10,AVGO,322.23406982421875
2025-10-13,AVGO,354.0674133300781
2025-10-14,AVGO,341.5901794433594
2025-10-15,AVGO,348.7370300292969
2025-10-16,AVGO,351.53619384765625
2025-10-17,AVGO,346.75177001953125
2025-10-20,AVGO,346.6624450683594
2025-10-21,AVGO,340.1310119628906
2025-10-22,AVGO,337.7884216308594
2025-10-23,AVGO,341.7489929199219
2025-10-24,AVGO,351.516357421875
2025-10-27,AVGO,359.3778991699219
2025-10-28,AVGO,370.2173156738281
2025-10-29,AVGO,383.13128662109375
2025-10-30,AVGO,373.69146728515625
2025-10-31,AVGO,366.9019470214844
2025-11-03,AVGO,359.87420654296875
2025-11-04,AVGO,349.342529296875
2025-11-05,AVGO,356.33062744140625
2025-11-06,AVGO,352.9656066894531
2025-11-07,AVGO,346.85101318359375
2025-11-10,AVGO,355.7449645996094
2025-11-11,AVGO,349.3623962402344
2025-11-12,AVGO,352.59832763671875
2025-11-13,AVGO,337.4708251953125
2025-11-14,AVGO,339.9324951171875
2025-11-17,AVGO,340.1211242675781
2025-11-18,AVGO,337.9869689941406
2025-11-19,AVGO,351.8042297363281
2025-11-20,AVGO,344.26031494140625
2025-11-21,AVGO,337.6891784667969
2025-11-24,AVGO,375.1705017089844
2025-11-25,AVGO,382.18829345703125
2025-11-26,AVGO,394.6357727050781
2025-11-28,AVGO,399.9859924316406
2025-12-01,AVGO,383.2305603027344
2025-12-02,AVGO,378.75384521484375
2025-12-03,AVGO,377.8009338378906
2025-12-04,AVGO,378.21783447265625
2025-12-05,AVGO,387.35986328125
2025-12-08,AVGO,398.1397399902344
2025-12-09,AVGO,403.29144287109375
2025-12-10,AVGO,409.922119140625
2025-12-11,AVGO,403.3708190917969
2025-12-12,AVGO,357.2735595703125
2025-12-15,AVGO,337.3020324707031
2025-12-16,AVGO,338.7810363769531
2025-12-17,AVGO,323.61383056640625
2025-12-18,AVGO,327.44537353515625
2025-12-19,AVGO,337.8479919433594
2025-12-22,AVGO,339.5784606933594
2025-12-23,AVGO,347.4053039550781
2025-12-24,AVGO,348.3004150390625
2025-12-26,AVGO,350.1999206542969
2025-12-29,AVGO,347.4749450683594
2025-12-30,AVGO,347.93243408203125
2025-12-31,AVGO,344.2029724121094
2026-01-02,AVGO,345.714599609375
2026-01-05,AVGO,341.5376892089844
2026-01-06,AVGO,341.8857421875
2026-01-07,AVGO,341.6172180175781
2026-01-08,AVGO,330.6576232910156
2026-01-09,AVGO,343.0791931152344
2026-01-12,AVGO,350.27947998046875
2026-01-13,AVGO,352.6663513183594
2026-01-14,AVGO,338.02703857421875
2026-01-15,AVGO,341.1398620605469
2026-01-16,AVGO,349.7822265625
2026-01-20,AVGO,330.7769470214844
2026-01-21,AVGO,326.9977722167969
2026-01-22,AVGO,323.7059020996094
2026-01-23,AVGO,318.2957458496094
2026-01-26,AVGO,323.0694274902344
2026-01-27,AVGO,330.9659118652344
2026-01-28,AVGO,331.4134216308594
2026-01-29,AVGO,328.917236328125
2026-01-30,AVGO,329.4841003417969
2026-02-02,AVGO,329.29510498046875
2026-02-03,AVGO,318.57421875
2026-02-04,AVGO,306.3614807128906
2026-02-05,AVGO,308.80804443359375
2026-02-06,AVGO,331.09521484375
2026-02-09,AVGO,342.0548095703125
2026-02-10,AVGO,338.573974609375
2026-02-11,AVGO,340.88128662109375
2026-02-12,AVGO,329.3548278808594
2026-02-13,AVGO,323.3876953125
2026-02-17,AVGO,330.71728515625
2026-02-18,AVGO,331.6819763183594
2026-02-19,AVGO,332.1593322753906
2026-02-20,AVGO,330.8266906738281
2026-02-23,AVGO,328.52935791015625
2026-02-24,AVGO,323.7059020996094
2026-02-25,AVGO,330.4885559082031
2026-02-26,AVGO,319.9367370605469
2026-02-27,AVGO,317.7984924316406
2026-03-02,AVGO,317.072509765625
2026-03-03,AVGO,312.11981201171875
2026-03-04,AVGO,315.7895812988281
2026-03-05,AVGO,330.9460144042969
2026-03-06,AVGO,328.6686096191406
2026-03-09,AVGO,343.8548583984375
2026-03-10,AVGO,340.7022399902344
2026-03-11,AVGO,339.69781494140625
2026-03-12,AVGO,334.1285095214844
2026-03-13,AVGO,320.3941955566406
2026-03-16,AVGO,323.1390686035156
2026-03-17,AVGO,319.5488586425781
2026-03-18,AVGO,314.1983337402344
2026-03-19,AVGO,318.0868835449219
2026-03-20,AVGO,308.80804443359375
2026-03-23,AVGO,321.41510009765625
2026-03-24,AVGO,317.20941162109375
2026-03-25,AVGO,317.7276611328125
2026-03-26,AVGO,308.3695373535156
2026-03-27,AVGO,299.6592102050781
2026-03-30,AVGO,292.41387939453125
2026-03-31,AVGO,308.4592590332031
2026-04-01,AVGO,312.42572021484375
2026-04-02,AVGO,313.48211669921875
2026-04-06,AVGO,313.3625183105469
2026-04-07,AVGO,332.836181640625
2026-04-08,AVGO,349.43963623046875
2026-04-09,AVGO,353.7051086425781
2026-04-10,AVGO,370.28857421875
2026-04-13,AVGO,378.4607849121094
2026-04-14,AVGO,379.48724365234375
2026-04-15,AVGO,395.3731384277344
2026-04-16,AVGO,397.1172180175781
2026-04-17,AVGO,405.15985107421875
2026-04-20,AVGO,398.27325439453125
2026-04-21,AVGO,400.8046569824219
2026-04-22,AVGO,421.2151184082031
2026-04-23,AVGO,418.51434326171875
2026-04-24,AVGO,421.32476806640625
2026-04-27,AVGO,416.7802429199219
2026-04-28,AVGO,398.47259521484375
2026-04-29,AVGO,404.0735168457031
2026-04-30,AVGO,416.0128479003906
2026-05-01,AVGO,419.8497619628906
2026-05-04,AVGO,415.08599853515625
2026-05-05,AVGO,425.90911865234375
2026-05-06,AVGO,423.99566650390625
2026-05-07,AVGO,411.1593933105469
2026-05-08,AVGO,428.5401611328125
2026-05-11,AVGO,426.9754943847656
2026-05-12,AVGO,417.8764953613281
2026-05-13,AVGO,415.3750305175781
2026-05-14,AVGO,438.29693603515625
2026-05-15,AVGO,423.7464904785156
2026-05-18,AVGO,419.2817077636719
2026-05-19,AVGO,409.6744384765625
2026-05-20,AVGO,416.34173583984375
2026-05-21,AVGO,413.1625671386719
2026-05-22,AVGO,412.7340393066406
2026-05-26,AVGO,420.57733154296875
2026-05-27,AVGO,420.4277648925781
2026-05-28,AVGO,425.13177490234375
2026-05-29,AVGO,445.25323486328125
2026-06-01,AVGO,458.4084167480469
2026-06-02,AVGO,479.93511962890625
2026-06-03,AVGO,477.6030578613281
2026-06-04,AVGO,417.4878234863281
2026-06-05,AVGO,384.42047119140625
2026-06-08,AVGO,395.2535705566406
2026-06-09,AVGO,390.8286437988281
2026-06-10,AVGO,370.8367614746094
2026-06-11,AVGO,384.2610168457031
2026-06-12,AVGO,380.7729187011719
2026-06-15,AVGO,392.60260009765625
2026-06-16,AVGO,375.4310607910156
2026-06-17,AVGO,391.5661315917969
2026-06-18,AVGO,409.9534912109375
2026-06-22,AVGO,391.4172668457031
2026-06-23,AVGO,379.4590148925781
2026-06-24,AVGO,381.37554931640625
2026-06-25,AVGO,378.2212829589844
2026-06-26,AVGO,364.35650634765625
2026-06-29,AVGO,371.7730407714844
2026-06-30,AVGO,377.0633850097656
2026-07-01,AVGO,368.6686706542969
2026-07-02,AVGO,359.7948303222656
2026-07-06,AVGO,373.2203674316406
2026-07-07,AVGO,370.1060485839844
2026-07-08,AVGO,387.9834899902344
2026-07-09,AVGO,400.38092041015625
2026-07-10,AVGO,399.2430114746094
2026-07-13,AVGO,383.3519287109375
2026-07-14,AVGO,388.4027099609375
2026-07-15,AVGO,393.5633239746094
2026-07-16,AVGO,373.7694091796875
2026-07-17,AVGO,370.15594482421875
2026-07-20,AVGO,377.47265625
2026-07-21,AVGO,385.7974853515625
2026-07-22,AVGO,396.0887451171875
2026-07-23,AVGO,391.7566223144531
2026-07-24,AVGO,381.225830078125
2026-07-27,AVGO,382.5234375
2026-07-28,AVGO,380.2176513671875
2026-07-29,AVGO,369.64691162109375
2026-07-30,AVGO,387.1350402832031
2026-07-31,AVGO,388.5724182128906
2026-08-03,AVGO,391.51708984375
2026-08-04,AVGO,417.3999328613281
2026-08-05,AVGO,417.51971435546875
2026-08-06,AVGO,419.8055725097656
2026-08-07,AVGO,426.98248291015625
2026-08-10,AVGO,421.6322326660156
2026-08-11,AVGO,415.3236999511719
2026-08-12,AVGO,415.29376220703125
2026-08-13,AVGO,417.060546875
2026-08-14,AVGO,392.2756652832031
2026-08-17,AVGO,391.7167053222656
2026-08-18,AVGO,379.3092956542969
2026-08-19,AVGO,361.8211364746094
2026-08-20,AVGO,363.3683166503906
2026-08-21,AVGO,367.7803039550781
2026-08-24,AVGO,358.10791015625
2026-08-25,AVGO,356.091552734375
2026-08-26,AVGO,354.94366455078125
2026-08-27,AVGO,370.86468505859375
2026-08-28,AVGO,368.11968994140625
2026-08-31,AVGO,369.6668395996094
2026-09-01,AVGO,369.008056640625
2026-09-02,AVGO,366.5724792480469
2026-09-03,AVGO,356.51080322265625
2026-09-04,AVGO,357.24945068359375
2026-09-08,AVGO,367.89007568359375
2026-09-09,AVGO,363.7176818847656
2026-09-10,AVGO,360.17413330078125
2026-09-11,AVGO,361.33203125
2026-09-14,AVGO,344.0934143066406
2026-09-15,AVGO,338.6533203125
2026-09-16,AVGO,338.8929138183594
2026-09-17,AVGO,346.6687316894531
2026-09-18,AVGO,356.9599914550781
2026-09-21,AVGO,362.6600036621094
2026-09-22,AVGO,364.5400085449219
2026-09-23,AVGO,354.989990234375
2026-09-24,AVGO,350.3599853515625
2026-09-25,AVGO,352.80999755859375
2026-09-28,AVGO,349.57000732421875
2026-09-29,AVGO,355.1000061035156
2026-09-30,AVGO,351.19000244140625
2026-10-01,AVGO,343.6400146484375
2026-10-02,AVGO,355.1400146484375
2024-10-07,MRVL,73.32173156738281
2024-10-08,MRVL,72.71502685546875
2024-10-09,MRVL,72.44648742675781
2024-10-10,MRVL,72.14810180664062
2024-10-11,MRVL,73.67109680175781
2024-10-14,MRVL,77.32430267333984
2024-10-15,MRVL,79.04637145996094
2024-10-16,MRVL,81.30598449707031
2024-10-17,MRVL,79.5440902709961
2024-10-18,MRVL,79.48435974121094
2024-10-21,MRVL,81.45530700683594
2024-10-22,MRVL,82.96833038330078
2024-10-23,MRVL,81.45530700683594
2024-10-24,MRVL,81.5548324584961
2024-10-25,MRVL,81.2363052368164
2024-10-28,MRVL,83.05792236328125
2024-10-29,MRVL,84.48138427734375
2024-10-30,MRVL,82.42085266113281
2024-10-31,MRVL,79.74317169189453
2024-11-01,MRVL,84.38182830810547
2024-11-04,MRVL,83.99361419677734
2024-11-05,MRVL,86.79075622558594
2024-11-06,MRVL,90.2149887084961
2024-11-07,MRVL,93.50984191894531
2024-11-08,MRVL,93.3704833984375
2024-11-11,MRVL,91.82757568359375
2024-11-12,MRVL,92.35514831542969
2024-11-13,MRVL,89.65756225585938
2024-11-14,MRVL,90.28466033935547
2024-11-15,MRVL,87.42782592773438
2024-11-18,MRVL,88.30380249023438
2024-11-19,MRVL,88.93090057373047
2024-11-20,MRVL,89.44851684570312
2024-11-21,MRVL,92.5144271850586
2024-11-22,MRVL,92.08638763427734
2024-11-25,MRVL,91.817626953125
2024-11-26,MRVL,92.7135009765625
2024-11-27,MRVL,89.68741607666016
2024-11-29,MRVL,92.26556396484375
2024-12-02,MRVL,96.41647338867188
2024-12-03,MRVL,95.47081756591797
2024-12-04,MRVL,117.60897827148438
2024-12-05,MRVL,112.85086822509766
2024-12-06,MRVL,112.99022674560547
2024-12-09,MRVL,106.5398941040039
2024-12-10,MRVL,106.19149780273438
2024-12-11,MRVL,110.85006713867188
2024-12-12,MRVL,108.5108413696289
2024-12-13,MRVL,120.21697998046875
2024-12-16,MRVL,124.20862579345703
2024-12-17,MRVL,111.73599243164062
2024-12-18,MRVL,104.79789733886719
2024-12-19,MRVL,108.61038208007812
2024-12-20,MRVL,111.3875961303711
2024-12-23,MRVL,113.23907470703125
2024-12-24,MRVL,115.41905212402344
2024-12-26,MRVL,115.18014526367188
2024-12-27,MRVL,113.09971618652344
2024-12-30,MRVL,111.14869689941406
2024-12-31,MRVL,109.9442367553711
2025-01-02,MRVL,113.03999328613281
2025-01-03,MRVL,117.63882446289062
2025-01-06,MRVL,118.46504974365234
2025-01-07,MRVL,115.69778442382812
2025-01-08,MRVL,117.6886215209961
2025-01-10,MRVL,113.85428619384766
2025-01-13,MRVL,114.68091583251953
2025-01-14,MRVL,114.73069763183594
2025-01-15,MRVL,115.52745056152344
2025-01-16,MRVL,117.10101318359375
2025-01-17,MRVL,124.25177764892578
2025-01-21,MRVL,123.2757568359375
2025-01-22,MRVL,124.69993591308594
2025-01-23,MRVL,125.54646301269531
2025-01-24,MRVL,123.51477813720703
2025-01-27,MRVL,99.92129516601562
2025-01-28,MRVL,103.45683288574219
2025-01-29,MRVL,106.35497283935547
2025-01-30,MRVL,109.88055419921875
2025-01-31,MRVL,112.40023803710938
2025-02-03,MRVL,113.0973892211914
2025-02-04,MRVL,109.2431640625
2025-02-05,MRVL,115.98558044433594
2025-02-06,MRVL,118.75424194335938
2025-02-07,MRVL,110.16936492919922
2025-02-10,MRVL,112.34048461914062
2025-02-11,MRVL,108.67546844482422
2025-02-12,MRVL,104.99054718017578
2025-02-13,MRVL,103.078369140625
2025-02-14,MRVL,106.07611846923828
2025-02-18,MRVL,106.85295104980469
2025-02-19,MRVL,110.58765411376953
2025-02-20,MRVL,108.26715087890625
2025-02-21,MRVL,103.3871078491211
2025-02-24,MRVL,97.51113891601562
2025-02-25,MRVL,92.62114715576172
2025-02-26,MRVL,94.51341247558594
2025-02-27,MRVL,87.29293060302734
2025-02-28,MRVL,91.44595336914062
2025-03-03,MRVL,85.48035430908203
2025-03-04,MRVL,87.97016906738281
2025-03-05,MRVL,89.77279663085938
2025-03-06,MRVL,71.98555755615234
2025-03-07,MRVL,70.55140686035156
2025-03-10,MRVL,65.40248107910156
2025-03-11,MRVL,66.88641357421875
2025-03-12,MRVL,69.56544494628906
2025-03-13,MRVL,68.47988891601562
2025-03-14,MRVL,68.45997619628906
2025-03-17,MRVL,70.11321258544922
2025-03-18,MRVL,68.0018539428711
2025-03-19,MRVL,69.5256118774414
2025-03-20,MRVL,70.20283508300781
2025-03-21,MRVL,70.1032485961914
2025-03-24,MRVL,72.4636001586914
2025-03-25,MRVL,71.37803649902344
2025-03-26,MRVL,66.488037109375
2025-03-27,MRVL,64.59577178955078
2025-03-28,MRVL,61.78727722167969
2025-03-31,MRVL,61.31917953491211
2025-04-01,MRVL,62.41469955444336
2025-04-02,MRVL,62.9724235534668
2025-04-03,MRVL,55.41333770751953
2025-04-04,MRVL,49.228633880615234
2025-04-07,MRVL,50.792240142822266
2025-04-08,MRVL,49.82618713378906
2025-04-09,MRVL,60.711666107177734
2025-04-10,MRVL,52.654624938964844
2025-04-11,MRVL,53.232913970947266
2025-04-14,MRVL,52.106239318847656
2025-04-15,MRVL,53.16312026977539
2025-04-16,MRVL,51.7772102355957
2025-04-17,MRVL,51.547889709472656
2025-04-21,MRVL,49.23471450805664
2025-04-22,MRVL,50.471065521240234
2025-04-23,MRVL,53.61179733276367
2025-04-24,MRVL,57.16132736206055
2025-04-25,MRVL,58.74664306640625
2025-04-28,MRVL,58.52729797363281
2025-04-29,MRVL,58.50735092163086
2025-04-30,MRVL,58.198265075683594
2025-05-01,MRVL,60.77067565917969
2025-05-02,MRVL,62.14661407470703
2025-05-05,MRVL,61.797645568847656
2025-05-06,MRVL,61.03988265991211
2025-05-07,MRVL,56.144325256347656
2025-05-08,MRVL,57.460445404052734
2025-05-09,MRVL,59.47450256347656
2025-05-12,MRVL,64.31023406982422
2025-05-13,MRVL,65.287353515625
2025-05-14,MRVL,65.70610809326172
2025-05-15,MRVL,65.00816345214844
2025-05-16,MRVL,63.57240676879883
2025-05-19,MRVL,62.37593460083008
2025-05-20,MRVL,61.239288330078125
2025-05-21,MRVL,59.93314743041992
2025-05-22,MRVL,61.66802215576172
2025-05-23,MRVL,60.511436462402344
2025-05-27,MRVL,63.632232666015625
2025-05-28,MRVL,64.39995574951172
2025-05-29,MRVL,63.54249572753906
2025-05-30,MRVL,60.012908935546875
2025-06-02,MRVL,61.289146423339844
2025-06-03,MRVL,62.1765251159668
2025-06-04,MRVL,66.10494232177734
2025-06-05,MRVL,64.9682846069336
2025-06-06,MRVL,68.14889526367188
2025-06-09,MRVL,68.93658447265625
2025-06-10,MRVL,68.63746643066406
2025-06-11,MRVL,68.03921508789062
2025-06-12,MRVL,69.43511199951172
2025-06-13,MRVL,66.9923095703125
2025-06-16,MRVL,70.21280670166016
2025-06-17,MRVL,69.7840805053711
2025-06-18,MRVL,74.72947692871094
2025-06-20,MRVL,73.2937240600586
2025-06-23,MRVL,70.57174682617188
2025-06-24,MRVL,74.98872375488281
2025-06-25,MRVL,75.70659637451172
2025-06-26,MRVL,79.73471069335938
2025-06-27,MRVL,76.93299102783203
2025-06-30,MRVL,77.17227935791016
2025-07-01,MRVL,76.01567840576172
2025-07-02,MRVL,74.03154754638672
2025-07-03,MRVL,74.95881652832031
2025-07-07,MRVL,71.3395004272461
2025-07-08,MRVL,71.7383041381836
2025-07-09,MRVL,72.04740142822266
2025-07-10,MRVL,73.14415740966797
2025-07-11,MRVL,72.55541229248047
2025-07-14,MRVL,72.35585021972656
2025-07-15,MRVL,72.25605773925781
2025-07-16,MRVL,70.69937133789062
2025-07-17,MRVL,71.85690307617188
2025-07-18,MRVL,74.49130249023438
2025-07-21,MRVL,72.90467071533203
2025-07-22,MRVL,71.83695220947266
2025-07-23,MRVL,73.11422729492188
2025-07-24,MRVL,73.88258361816406
2025-07-25,MRVL,74.0522232055664
2025-07-28,MRVL,75.74861907958984
2025-07-29,MRVL,76.17769622802734
2025-07-30,MRVL,81.56621551513672
2025-07-31,MRVL,80.19914245605469
2025-08-01,MRVL,74.29170989990234
2025-08-04,MRVL,76.3672866821289
2025-08-05,MRVL,76.46708679199219
2025-08-06,MRVL,75.15986633300781
2025-08-07,MRVL,75.68873596191406
2025-08-08,MRVL,77.17556762695312
2025-08-11,MRVL,77.1156997680664
2025-08-12,MRVL,77.64457702636719
2025-08-13,MRVL,79.1513671875
2025-08-14,MRVL,78.87196350097656
2025-08-15,MRVL,76.02802276611328
2025-08-18,MRVL,76.57685089111328
2025-08-19,MRVL,71.91677856445312
2025-08-20,MRVL,71.06858825683594
2025-08-21,MRVL,71.05860900878906
2025-08-22,MRVL,72.84480285644531
2025-08-25,MRVL,72.79490661621094
2025-08-26,MRVL,74.10211944580078
2025-08-27,MRVL,74.63098907470703
2025-08-28,MRVL,77.06581115722656
2025-08-29,MRVL,62.7363395690918
2025-09-02,MRVL,64.46266174316406
2025-09-03,MRVL,62.177528381347656
2025-09-04,MRVL,63.96372604370117
2025-09-05,MRVL,63.19535827636719
2025-09-08,MRVL,65.85968780517578
2025-09-09,MRVL,66.69789123535156
2025-09-10,MRVL,66.95734405517578
2025-09-11,MRVL,66.44841766357422
2025-09-12,MRVL,67.2068099975586
2025-09-15,MRVL,67.2866439819336
2025-09-16,MRVL,68.71360778808594
2025-09-17,MRVL,70.82909393310547
2025-09-18,MRVL,74.07218933105469
2025-09-19,MRVL,74.10211944580078
2025-09-22,MRVL,75.36942291259766
2025-09-23,MRVL,74.46136474609375
2025-09-24,MRVL,79.91972351074219
2025-09-25,MRVL,83.63182067871094
2025-09-26,MRVL,82.99317932128906
2025-09-29,MRVL,82.21482849121094
2025-09-30,MRVL,83.89126586914062
2025-10-01,MRVL,83.71165466308594
2025-10-02,MRVL,86.0167236328125
2025-10-03,MRVL,86.03669738769531
2025-10-06,MRVL,88.73094940185547
2025-10-07,MRVL,86.78510284423828
2025-10-08,MRVL,92.30335235595703
2025-10-09,MRVL,90.4872055053711
2025-10-10,MRVL,85.48455047607422
2025-10-13,MRVL,89.25901794433594
2025-10-14,MRVL,86.09365844726562
2025-10-15,MRVL,88.7597427368164
2025-10-16,MRVL,88.10072326660156
2025-10-17,MRVL,87.82112121582031
2025-10-20,MRVL,85.7142105102539
2025-10-21,MRVL,84.13653564453125
2025-10-22,MRVL,80.93124389648438
2025-10-23,MRVL,82.6487045288086
2025-10-24,MRVL,84.0067138671875
2025-10-27,MRVL,88.58000946044922
2025-10-28,MRVL,88.33037567138672
2025-10-29,MRVL,90.01790618896484
2025-10-30,MRVL,88.44021606445312
2025-10-31,MRVL,93.60264587402344
2025-11-03,MRVL,90.23757934570312
2025-11-04,MRVL,87.4616470336914
2025-11-05,MRVL,92.76387786865234
2025-11-06,MRVL,93.19325256347656
2025-11-07,MRVL,90.78677368164062
2025-11-10,MRVL,93.09339141845703
2025-11-11,MRVL,89.19910430908203
2025-11-12,MRVL,89.19910430908203
2025-11-13,MRVL,87.39175415039062
2025-11-14,MRVL,86.32331848144531
2025-11-17,MRVL,83.32771301269531
2025-11-18,MRVL,78.56470489501953
2025-11-19,MRVL,81.20083618164062
2025-11-20,MRVL,76.56763458251953
2025-11-21,MRVL,77.33650970458984
2025-11-24,MRVL,83.66722106933594
2025-11-25,MRVL,83.30774688720703
2025-11-26,MRVL,87.59146118164062
2025-11-28,MRVL,89.26900482177734
2025-12-01,MRVL,90.96651458740234
2025-12-02,MRVL,92.7538833618164
2025-12-03,MRVL,100.05316925048828
2025-12-04,MRVL,98.04612731933594
2025-12-05,MRVL,98.76506805419922
2025-12-08,MRVL,91.86519622802734
2025-12-09,MRVL,88.76973724365234
2025-12-10,MRVL,92.33451080322266
2025-12-11,MRVL,89.29895782470703
2025-12-12,MRVL,84.30628967285156
2025-12-15,MRVL,84.13653564453125
2025-12-16,MRVL,83.94680786132812
2025-12-17,MRVL,81.58027648925781
2025-12-18,MRVL,84.34622192382812
2025-12-19,MRVL,83.96678161621094
2025-12-22,MRVL,84.67574310302734
2025-12-23,MRVL,87.55152130126953
2025-12-24,MRVL,86.36326599121094
2025-12-26,MRVL,86.2134780883789
2025-12-29,MRVL,85.63433837890625
2025-12-30,MRVL,86.63287353515625
2025-12-31,MRVL,84.85548400878906
2026-01-02,MRVL,89.25901794433594
2026-01-05,MRVL,90.09779357910156
2026-01-06,MRVL,88.10072326660156
2026-01-07,MRVL,84.51597595214844
2026-01-08,MRVL,83.32771301269531
2026-01-09,MRVL,83.15785217285156
2026-01-12,MRVL,82.82809448242188
2026-01-13,MRVL,82.98797607421875
2026-01-14,MRVL,81.14935302734375
2026-01-15,MRVL,80.31996154785156
2026-01-16,MRVL,80.39990997314453
2026-01-20,MRVL,79.74040222167969
2026-01-21,MRVL,82.48834991455078
2026-01-22,MRVL,83.0379409790039
2026-01-23,MRVL,80.17008209228516
2026-01-26,MRVL,81.70893096923828
2026-01-27,MRVL,82.8680648803711
2026-01-28,MRVL,83.55755615234375
2026-01-29,MRVL,81.27924346923828
2026-01-30,MRVL,78.8610610961914
2026-02-02,MRVL,78.60125732421875
2026-02-03,MRVL,75.48358154296875
2026-02-04,MRVL,73.67493438720703
2026-02-05,MRVL,74.15457916259766
2026-02-06,MRVL,80.22004699707031
2026-02-09,MRVL,82.28849792480469
2026-02-10,MRVL,81.9487533569336
2026-02-11,MRVL,81.27924346923828
2026-02-12,MRVL,78.17157745361328
2026-02-13,MRVL,78.5512924194336
2026-02-17,MRVL,78.95099639892578
2026-02-18,MRVL,79.03092956542969
2026-02-19,MRVL,79.55054473876953
2026-02-20,MRVL,79.42064666748047
2026-02-23,MRVL,77.73190307617188
2026-02-24,MRVL,78.33145904541016
2026-02-25,MRVL,80.85956573486328
2026-02-26,MRVL,79.23078918457031
2026-02-27,MRVL,81.62899017333984
2026-03-02,MRVL,80.79961395263672
2026-03-03,MRVL,77.45211029052734
2026-03-04,MRVL,78.03166961669922
2026-03-05,MRVL,75.62347412109375
2026-03-06,MRVL,89.50310516357422
2026-03-09,MRVL,92.580810546875
2026-03-10,MRVL,93.2303237915039
2026-03-11,MRVL,90.3724594116211
2026-03-12,MRVL,87.60452270507812
2026-03-13,MRVL,87.79438781738281
2026-03-16,MRVL,91.51160430908203
2026-03-17,MRVL,90.72219848632812
2026-03-18,MRVL,87.55455780029297
2026-03-19,MRVL,89.463134765625
2026-03-20,MRVL,87.84434509277344
2026-03-23,MRVL,90.09266662597656
2026-03-24,MRVL,92.29102325439453
2026-03-25,MRVL,98.37646484375
2026-03-26,MRVL,97.60704803466797
2026-03-27,MRVL,94.80913543701172
2026-03-30,MRVL,87.74441528320312
2026-03-31,MRVL,98.97602844238281
2026-04-01,MRVL,106.63030242919922
2026-04-02,MRVL,107.0300064086914
2026-04-06,MRVL,109.42821502685547
2026-04-07,MRVL,109.29830932617188
2026-04-08,MRVL,114.36451721191406
2026-04-09,MRVL,119.8404312133789
2026-04-10,MRVL,128.45831298828125
2026-04-13,MRVL,131.2676239013672
2026-04-14,MRVL,133.7969970703125
2026-04-15,MRVL,134.56680297851562
2026-04-16,MRVL,133.33709716796875
2026-04-17,MRVL,139.65554809570312
2026-04-20,MRVL,147.80352783203125
2026-04-21,MRVL,151.27267456054688
2026-04-22,MRVL,157.2812042236328
2026-04-23,MRVL,165.5191650390625
2026-04-24,MRVL,164.26947021484375
2026-04-27,MRVL,158.17098999023438
2026-04-28,MRVL,153.19219970703125
2026-04-29,MRVL,156.53138732910156
2026-04-30,MRVL,165.10926818847656
2026-05-01,MRVL,164.90931701660156
2026-05-04,MRVL,163.61964416503906
2026-05-05,MRVL,168.7083740234375
2026-05-06,MRVL,172.10752868652344
2026-05-07,MRVL,159.9705352783203
2026-05-08,MRVL,170.08804321289062
2026-05-11,MRVL,170.79786682128906
2026-05-12,MRVL,164.4594268798828
2026-05-13,MRVL,177.90611267089844
2026-05-14,MRVL,182.53497314453125
2026-05-15,MRVL,176.84637451171875
2026-05-18,MRVL,168.88832092285156
2026-05-19,MRVL,176.22653198242188
2026-05-20,MRVL,186.75393676757812
2026-05-21,MRVL,190.64297485351562
2026-05-22,MRVL,196.28158569335938
2026-05-26,MRVL,208.20863342285156
2026-05-27,MRVL,198.65098571777344
2026-05-28,MRVL,204.77947998046875
2026-05-29,MRVL,204.94943237304688
2026-06-01,MRVL,219.37586975097656
2026-06-02,MRVL,290.7182922363281
2026-06-03,MRVL,301.5755920410156
2026-06-04,MRVL,316.3519592285156
2026-06-05,MRVL,263.405029296875
2026-06-08,MRVL,288.7787780761719
2026-06-09,MRVL,266.8141784667969
2026-06-10,MRVL,252.52769470214844
2026-06-11,MRVL,280.6407470703125
2026-06-12,MRVL,279.6310119628906
2026-06-15,MRVL,308.8038330078125
2026-06-16,MRVL,278.6012878417969
2026-06-17,MRVL,289.4685974121094
2026-06-18,MRVL,310.5033874511719
2026-06-22,MRVL,307.7840576171875
2026-06-23,MRVL,278.97119140625
2026-06-24,MRVL,276.63177490234375
2026-06-25,MRVL,281.1906433105469
2026-06-26,MRVL,266.7041931152344
2026-06-29,MRVL,277.6814880371094
2026-06-30,MRVL,297.8165283203125
2026-07-01,MRVL,271.9828796386719
2026-07-02,MRVL,245.2294921875
2026-07-06,MRVL,249.20852661132812
2026-07-07,MRVL,230.64309692382812
2026-07-08,MRVL,231.65286254882812
2026-07-09,MRVL,243.2100067138672
2026-07-10,MRVL,235.80999755859375
2026-07-13,MRVL,217.52999877929688
2026-07-14,MRVL,222.44000244140625
2026-07-15,MRVL,206.25999450683594
2026-07-16,MRVL,188.3000030517578
2026-07-17,MRVL,188.67999267578125
2026-07-20,MRVL,194.94000244140625
2026-07-21,MRVL,207.9600067138672
2026-07-22,MRVL,210.99000549316406
2026-07-23,MRVL,209.32000732421875
2026-07-24,MRVL,194.22999572753906
2026-07-27,MRVL,189.1699981689453
2026-07-28,MRVL,174.47000122070312
2026-07-29,MRVL,163.39999389648438
2026-07-30,MRVL,183.3000030517578
2026-07-31,MRVL,187.55999755859375
2026-08-03,MRVL,193.77999877929688
2026-08-04,MRVL,218.58999633789062
2026-08-05,MRVL,211.02000427246094
2026-08-06,MRVL,210.5399932861328
2026-08-07,MRVL,218.72000122070312
2026-08-10,MRVL,208.55999755859375
2026-08-11,MRVL,212.30999755859375
2026-08-12,MRVL,217.0800018310547
2026-08-13,MRVL,222.17999267578125
2026-08-14,MRVL,222.02000427246094
2026-08-17,MRVL,234.3300018310547
2026-08-18,MRVL,216.0
2026-08-19,MRVL,237.27000427246094
2026-08-20,MRVL,251.00999450683594
2026-08-21,MRVL,237.0399932861328
2026-08-24,MRVL,229.2899932861328
2026-08-25,MRVL,240.3800048828125
2026-08-26,MRVL,245.11000061035156
2026-08-27,MRVL,241.4499969482422
2026-08-28,MRVL,216.6199951171875
2026-08-31,MRVL,211.66000366210938
2026-09-01,MRVL,210.38999938964844
2026-09-02,MRVL,206.47999572753906
2026-09-03,MRVL,208.8300018310547
2026-09-04,MRVL,223.5500030517578
2026-09-08,MRVL,225.41000366210938
2026-09-09,MRVL,235.00999450683594
2026-09-10,MRVL,226.9600067138672
2026-09-11,MRVL,236.10000610351562
2026-09-14,MRVL,218.82000732421875
2026-09-15,MRVL,221.6999969482422
2026-09-16,MRVL,229.7100067138672
2026-09-17,MRVL,240.75999450683594
2026-09-18,MRVL,244.25
2026-09-21,MRVL,257.3800048828125
2026-09-22,MRVL,262.3599853515625
2026-09-23,MRVL,260.8999938964844
2026-09-24,MRVL,258.95001220703125
2026-09-25,MRVL,261.94000244140625
2026-09-28,MRVL,251.89999389648438
2026-09-29,MRVL,263.2699890136719
2026-09-30,MRVL,264.2099914550781
2026-10-01,MRVL,268.0799865722656
2026-10-02,MRVL,272.2900085449219
2024-10-07,MU,102.38198852539062
2024-10-08,MU,102.01387786865234
2024-10-09,MU,101.17819213867188
2024-10-10,MU,105.14771270751953
2024-10-11,MU,106.37140655517578
2024-10-14,MU,107.78411865234375
2024-10-15,MU,103.78474426269531
2024-10-16,MU,108.67948913574219
2024-10-17,MU,111.47508239746094
2024-10-18,MU,110.5797119140625
2024-10-21,MU,108.52031707763672
2024-10-22,MU,107.26677703857422
2024-10-23,MU,104.51100158691406
2024-10-24,MU,106.3017578125
2024-10-25,MU,107.3563232421875
2024-10-28,MU,105.8441162109375
2024-10-29,MU,107.62493133544922
2024-10-30,MU,103.54597473144531
2024-10-31,MU,99.13871002197266
2024-11-01,MU,99.21829223632812
2024-11-04,MU,101.2080307006836
2024-11-05,MU,104.94874572753906
2024-11-06,MU,111.25621032714844
2024-11-07,MU,112.82810974121094
2024-11-08,MU,111.32585906982422
2024-11-11,MU,108.09252166748047
2024-11-12,MU,103.56587982177734
2024-11-13,MU,99.40731811523438
2024-11-14,MU,98.67111206054688
2024-11-15,MU,95.84568786621094
2024-11-18,MU,97.00968170166016
2024-11-19,MU,97.22856140136719
2024-11-20,MU,97.86527252197266
2024-11-21,MU,102.23275756835938
2024-11-22,MU,102.11336517333984
2024-11-25,MU,103.94392395019531
2024-11-26,MU,101.27767181396484
2024-11-27,MU,97.69612884521484
2024-11-29,MU,97.44742584228516
2024-12-02,MU,98.04434967041016
2024-12-03,MU,99.32772064208984
2024-12-04,MU,102.67047882080078
2024-12-05,MU,100.35244750976562
2024-12-06,MU,100.6509017944336
2024-12-09,MU,102.29243469238281
2024-12-10,MU,97.59664154052734
2024-12-11,MU,101.53633117675781
2024-12-12,MU,97.73594665527344
2024-12-13,MU,101.97408294677734
2024-12-16,MU,107.70452117919922
2024-12-17,MU,108.04277801513672
2024-12-18,MU,103.36690521240234
2024-12-19,MU,86.64313507080078
2024-12-20,MU,89.65760803222656
2024-12-23,MU,89.25965881347656
2024-12-24,MU,88.82191467285156
2024-12-26,MU,89.35913848876953
2024-12-27,MU,88.17523956298828
2024-12-30,MU,84.98255157470703
2024-12-31,MU,83.83697509765625
2025-01-02,MU,86.99479675292969
2025-01-03,MU,89.52505493164062
2025-01-06,MU,98.87899780273438
2025-01-07,MU,101.51883697509766
2025-01-08,MU,99.02842712402344
2025-01-10,MU,98.95869445800781
2025-01-13,MU,94.69512939453125
2025-01-14,MU,96.98628997802734
2025-01-15,MU,102.7939224243164
2025-01-16,MU,102.20618438720703
2025-01-17,MU,105.3440933227539
2025-01-21,MU,108.96015167236328
2025-01-22,MU,108.81073760986328
2025-01-23,MU,104.43758392333984
2025-01-24,MU,102.7939224243164
2025-01-27,MU,90.76028442382812
2025-01-28,MU,87.91126251220703
2025-01-29,MU,88.66835021972656
2025-01-30,MU,92.14495086669922
2025-01-31,MU,90.88978576660156
2025-02-03,MU,89.5748519897461
2025-02-04,MU,90.31201934814453
2025-02-05,MU,93.24072265625
2025-02-06,MU,94.1771240234375
2025-02-07,MU,91.94571685791016
2025-02-10,MU,95.5617904663086
2025-02-11,MU,93.71888732910156
2025-02-12,MU,91.32810974121094
2025-02-13,MU,95.2928237915039
2025-02-14,MU,99.13800811767578
2025-02-18,MU,106.3801040649414
2025-02-19,MU,103.95942687988281
2025-02-20,MU,102.78395080566406
2025-02-21,MU,98.46060180664062
2025-02-24,MU,95.04378509521484
2025-02-25,MU,92.86219787597656
2025-02-26,MU,97.33494567871094
2025-02-27,MU,91.46755981445312
2025-02-28,MU,93.2706069946289
2025-03-03,MU,90.19247436523438
2025-03-04,MU,90.84993743896484
2025-03-05,MU,93.9778823852539
2025-03-06,MU,88.9273452758789
2025-03-07,MU,92.60318756103516
2025-03-10,MU,86.74576568603516
2025-03-11,MU,88.70820617675781
2025-03-12,MU,95.27290344238281
2025-03-13,MU,94.51580810546875
2025-03-14,MU,100.40313720703125
2025-03-17,MU,102.7142333984375
2025-03-18,MU,101.32955169677734
2025-03-19,MU,101.66825103759766
2025-03-20,MU,102.60465240478516
2025-03-21,MU,94.35643768310547
2025-03-24,MU,96.56791687011719
2025-03-25,MU,93.81849670410156
2025-03-26,MU,91.7763671875
2025-03-27,MU,90.81009674072266
2025-03-28,MU,88.10054016113281
2025-03-31,MU,86.66918182373047
2025-04-01,MU,88.48455810546875
2025-04-02,MU,88.37483215332031
2025-04-03,MU,74.15107727050781
2025-04-04,MU,64.55552673339844
2025-04-07,MU,68.19625854492188
2025-04-08,MU,65.37344360351562
2025-04-09,MU,77.67211151123047
2025-04-10,MU,69.87197875976562
2025-04-11,MU,69.37325286865234
2025-04-14,MU,70.83950805664062
2025-04-15,MU,70.85946655273438
2025-04-16,MU,69.15380859375
2025-04-17,MU,68.62516021728516
2025-04-21,MU,66.57039642333984
2025-04-22,MU,70.03157043457031
2025-04-23,MU,72.74466705322266
2025-04-24,MU,77.22325134277344
2025-04-25,MU,79.57723999023438
2025-04-28,MU,78.3603515625
2025-04-29,MU,76.68461608886719
2025-04-30,MU,76.75444030761719
2025-05-01,MU,77.57235717773438
2025-05-02,MU,80.51486206054688
2025-05-05,MU,80.21562194824219
2025-05-06,MU,80.30540466308594
2025-05-07,MU,82.4100341796875
2025-05-08,MU,84.9336166381836
2025-05-09,MU,85.64179992675781
2025-05-12,MU,92.05546569824219
2025-05-13,MU,96.68367004394531
2025-05-14,MU,95.07776641845703
2025-05-15,MU,95.20742797851562
2025-05-16,MU,97.75094604492188
2025-05-19,MU,98.39930725097656
2025-05-20,MU,97.85069274902344
2025-05-21,MU,95.596435546875
2025-05-22,MU,94.58900451660156
2025-05-23,MU,93.13272094726562
2025-05-27,MU,96.13506317138672
2025-05-28,MU,95.9355697631836
2025-05-29,MU,96.55400085449219
2025-05-30,MU,94.2199478149414
2025-06-02,MU,97.93048858642578
2025-06-03,MU,101.99015808105469
2025-06-04,MU,102.98761749267578
2025-06-05,MU,106.01988220214844
2025-06-06,MU,108.28411102294922
2025-06-09,MU,110.66803741455078
2025-06-10,MU,113.84992980957031
2025-06-11,MU,115.73512268066406
2025-06-12,MU,115.88475036621094
2025-06-13,MU,115.30621337890625
2025-06-16,MU,119.53543853759766
2025-06-17,MU,120.03417205810547
2025-06-18,MU,121.51041412353516
2025-06-20,MU,123.285888671875
2025-06-23,MU,121.76976013183594
2025-06-24,MU,127.5849380493164
2025-06-25,MU,126.9266128540039
2025-06-26,MU,125.67980194091797
2025-06-27,MU,124.44294738769531
2025-06-30,MU,122.93677520751953
2025-07-01,MU,120.58277893066406
2025-07-02,MU,121.43062591552734
2025-07-03,MU,121.9792251586914
2025-07-07,MU,119.72782897949219
2025-07-08,MU,124.22061920166016
2025-07-09,MU,122.04411315917969
2025-07-10,MU,122.91272735595703
2025-07-11,MU,124.33045196533203
2025-07-14,MU,118.41993713378906
2025-07-15,MU,119.91752624511719
2025-07-16,MU,116.2434310913086
2025-07-17,MU,113.07849884033203
2025-07-18,MU,114.20669555664062
2025-07-21,MU,113.0485610961914
2025-07-22,MU,109.04498291015625
2025-07-23,MU,109.65400695800781
2025-07-24,MU,111.55095672607422
2025-07-25,MU,111.08170318603516
2025-07-28,MU,111.07173156738281
2025-07-29,MU,111.78058624267578
2025-07-30,MU,114.5561294555664
2025-07-31,MU,108.96510314941406
2025-08-01,MU,104.71192932128906
2025-08-04,MU,107.59730529785156
2025-08-05,MU,108.8852310180664
2025-08-06,MU,108.60568237304688
2025-08-07,MU,111.69073486328125
2025-08-08,MU,118.6994857788086
2025-08-11,MU,123.52174377441406
2025-08-12,MU,127.5452880859375
2025-08-13,MU,124.07085418701172
2025-08-14,MU,125.08922576904297
2025-08-15,MU,120.67631530761719
2025-08-18,MU,123.35202026367188
2025-08-19,MU,121.85442352294922
2025-08-20,MU,117.02217864990234
2025-08-21,MU,115.60445404052734
2025-08-22,MU,117.49142456054688
2025-08-25,MU,116.23342895507812
2025-08-26,MU,116.31331634521484
2025-08-27,MU,117.56130981445312
2025-08-28,MU,121.80449676513672
2025-08-29,MU,118.81929016113281
2025-09-02,MU,118.29014587402344
2025-09-03,MU,118.5297622680664
2025-09-04,MU,124.01095581054688
2025-09-05,MU,131.15948486328125
2025-09-08,MU,131.2493438720703
2025-09-09,MU,135.02328491210938
2025-09-10,MU,139.77565002441406
2025-09-11,MU,150.32872009277344
2025-09-12,MU,156.97804260253906
2025-09-15,MU,157.51719665527344
2025-09-16,MU,158.5655059814453
2025-09-17,MU,159.73362731933594
2025-09-18,MU,168.61936950683594
2025-09-19,MU,162.46923828125
2025-09-22,MU,164.35621643066406
2025-09-23,MU,166.14334106445312
2025-09-24,MU,161.4508819580078
2025-09-25,MU,156.57867431640625
2025-09-26,MU,157.0179901123047
2025-09-29,MU,163.63735961914062
2025-09-30,MU,167.05186462402344
2025-10-01,MU,181.85809326171875
2025-10-02,MU,183.45555114746094
2025-10-03,MU,187.64645385742188
2025-10-06,MU,190.7733917236328
2025-10-07,MU,185.508544921875
2025-10-08,MU,196.34793090820312
2025-10-09,MU,192.1420440673828
2025-10-10,MU,181.42254638671875
2025-10-13,MU,192.5816192626953
2025-10-14,MU,186.877197265625
2025-10-15,MU,191.75242614746094
2025-10-16,MU,202.3320770263672
2025-10-17,MU,202.18223571777344
2025-10-20,MU,206.5679473876953
2025-10-21,MU,202.09230041503906
2025-10-22,MU,198.27606201171875
2025-10-23,MU,206.5080108642578
2025-10-24,MU,218.8059844970703
2025-10-27,MU,219.88491821289062
2025-10-28,MU,221.6931610107422
2025-10-29,MU,226.40853881835938
2025-10-30,MU,223.79107666015625
2025-10-31,MU,223.55133056640625
2025-11-03,MU,234.47064208984375
2025-11-04,MU,217.8169403076172
2025-11-05,MU,237.2678985595703
2025-11-06,MU,238.0970916748047
2025-11-07,MU,237.6875
2025-11-10,MU,253.05245971679688
2025-11-11,MU,240.8743896484375
2025-11-12,MU,244.66065979003906
2025-11-13,MU,236.71844482421875
2025-11-14,MU,246.58877563476562
2025-11-17,MU,241.7135772705078
2025-11-18,MU,228.27670288085938
2025-11-19,MU,225.69921875
2025-11-20,MU,201.17320251464844
2025-11-21,MU,207.16734313964844
2025-11-24,MU,223.71116638183594
2025-11-25,MU,224.31057739257812
2025-11-26,MU,230.03497314453125
2025-11-28,MU,236.2489013671875
2025-12-01,MU,240.22503662109375
2025-12-02,MU,239.25596618652344
2025-12-03,MU,233.93118286132812
2025-12-04,MU,226.4285125732422
2025-12-05,MU,236.98818969726562
2025-12-08,MU,246.6787109375
2025-12-09,MU,252.17333984375
2025-12-10,MU,263.4522705078125
2025-12-11,MU,258.2074279785156
2025-12-12,MU,240.90435791015625
2025-12-15,MU,237.2678985595703
2025-12-16,MU,232.28277587890625
2025-12-17,MU,225.29962158203125
2025-12-18,MU,248.30711364746094
2025-12-19,MU,265.66015625
2025-12-22,MU,276.3197021484375
2025-12-23,MU,276.0
2025-12-24,MU,286.39984130859375
2025-12-26,MU,284.51171875
2025-12-29,MU,294.2011413574219
2025-12-30,MU,292.4621276855469
2025-12-31,MU,285.24627685546875
2026-01-02,MU,315.23907470703125
2026-01-05,MU,311.970947265625
2026-01-06,MU,343.23297119140625
2026-01-07,MU,339.355224609375
2026-01-08,MU,326.8323974609375
2026-01-09,MU,344.8920593261719
2026-01-12,MU,345.6716003417969
2026-01-13,MU,337.93603515625
2026-01-14,MU,333.1587829589844
2026-01-15,MU,336.4368896484375
2026-01-16,MU,362.54193115234375
2026-01-20,MU,364.7906494140625
2026-01-21,MU,388.88677978515625
2026-01-22,MU,397.3518981933594
2026-01-23,MU,399.4207458496094
2026-01-26,MU,388.8667907714844
2026-01-27,MU,410.0046691894531
2026-01-28,MU,435.03033447265625
2026-01-29,MU,435.5400390625
2026-01-30,MU,414.6419982910156
2026-02-02,MU,437.5488586425781
2026-02-03,MU,419.19940185546875
2026-02-04,MU,379.182373046875
2026-02-05,MU,382.6703796386719
2026-02-06,MU,394.4635925292969
2026-02-09,MU,383.2799987792969
2026-02-10,MU,373.035888671875
2026-02-11,MU,410.1046142578125
2026-02-12,MU,413.7325439453125
2026-02-13,MU,411.4238586425781
2026-02-17,MU,399.5506591796875
2026-02-18,MU,420.70855712890625
2026-02-19,MU,417.110595703125
2026-02-20,MU,427.92437744140625
2026-02-23,MU,420.7285461425781
2026-02-24,MU,417.7702331542969
2026-02-25,MU,428.75390625
2026-02-26,MU,415.3216247558594
2026-02-27,MU,412.1334533691406
2026-03-02,MU,412.43328857421875
2026-03-03,MU,379.46221923828125
2026-03-04,MU,400.5400695800781
2026-03-05,MU,396.8222351074219
2026-03-06,MU,370.08758544921875
2026-03-09,MU,389.0966796875
2026-03-10,MU,402.8787536621094
2026-03-11,MU,418.4498291015625
2026-03-12,MU,405.1174621582031
2026-03-13,MU,425.8855895996094
2026-03-16,MU,441.54656982421875
2026-03-17,MU,461.4251403808594
2026-03-18,MU,461.46514892578125
2026-03-19,MU,444.01513671875
2026-03-20,MU,422.65740966796875
2026-03-23,MU,404.1180419921875
2026-03-24,MU,395.3031311035156
2026-03-25,MU,381.8708190917969
2026-03-26,MU,355.256103515625
2026-03-27,MU,357.0151062011719
2026-03-30,MU,321.75048828125
2026-03-31,MU,337.7880554199219
2026-04-01,MU,367.7934265136719
2026-04-02,MU,366.18365478515625
2026-04-06,MU,377.701904296875
2026-04-07,MU,377.52191162109375
2026-04-08,MU,406.6674499511719
2026-04-09,MU,421.4451904296875
2026-04-10,MU,420.52532958984375
2026-04-13,MU,426.4944152832031
2026-04-14,MU,465.5884094238281
2026-04-15,MU,456.15985107421875
2026-04-16,MU,457.1596984863281
2026-04-17,MU,455.0000305175781
2026-04-20,MU,448.3510437011719
2026-04-21,MU,449.3109130859375
2026-04-22,MU,487.4050598144531
2026-04-23,MU,481.64593505859375
2026-04-24,MU,496.64361572265625
2026-04-27,MU,524.4793090820312
2026-04-28,MU,504.21246337890625
2026-04-29,MU,518.3803100585938
2026-04-30,MU,517.0804443359375
2026-05-01,MU,542.1266479492188
2026-05-04,MU,576.3613891601562
2026-05-05,MU,640.1015625
2026-05-06,MU,666.487548828125
2026-05-07,MU,646.5305786132812
2026-05-08,MU,746.6951293945312
2026-05-11,MU,795.2077026367188
2026-05-12,MU,766.462158203125
2026-05-13,MU,803.5064086914062
2026-05-14,MU,775.8906860351562
2026-05-15,MU,724.5485229492188
2026-05-18,MU,681.4351806640625
2026-05-19,MU,698.632568359375
2026-05-20,MU,731.87744140625
2026-05-21,MU,761.9827880859375
2026-05-22,MU,750.884521484375
2026-05-26,MU,895.7422485351562
2026-05-27,MU,928.2672119140625
2026-05-28,MU,923.3779907226562
2026-05-29,MU,970.8507080078125
2026-06-01,MU,1035.3408203125
2026-06-02,MU,1063.936279296875
2026-06-03,MU,1079.4039306640625
2026-06-04,MU,995.8468627929688
2026-06-05,MU,863.8771362304688
2026-06-08,MU,949.134033203125
2026-06-09,MU,935.74609375
2026-06-10,MU,891.7428588867188
2026-06-11,MU,995.7168579101562
2026-06-12,MU,981.4590454101562
2026-06-15,MU,1087.8226318359375
2026-06-16,MU,1020.60302734375
2026-06-17,MU,1043.029541015625
2026-06-18,MU,1133.8155517578125
2026-06-22,MU,1211.1937255859375
2026-06-23,MU,1051.6082763671875
2026-06-24,MU,1048.3487548828125
2026-06-25,MU,1213.3734130859375
2026-06-26,MU,1132.1558837890625
2026-06-29,MU,1145.1038818359375
2026-06-30,MU,1154.112548828125
2026-07-01,MU,1032.121337890625
2026-07-02,MU,975.4099731445312
2026-07-06,MU,984.75
2026-07-07,MU,938.3800048828125
2026-07-08,MU,948.7999877929688
2026-07-09,MU,991.6400146484375
2026-07-10,MU,979.2999877929688
2026-07-13,MU,937.0
2026-07-14,MU,983.1199951171875
2026-07-15,MU,904.280029296875
2026-07-16,MU,853.2000122070312
2026-07-17,MU,848.9500122070312
2026-07-20,MU,865.4600219726562
2026-07-21,MU,970.8200073242188
2026-07-22,MU,959.47998046875
2026-07-23,MU,990.2100219726562
2026-07-24,MU,920.9500122070312
2026-07-27,MU,900.2000122070312
2026-07-28,MU,820.530029296875
2026-07-29,MU,739.0
2026-07-30,MU,874.6599731445312
2026-07-31,MU,823.030029296875
2026-08-03,MU,829.5
2026-08-04,MU,892.6699829101562
2026-08-05,MU,893.1900024414062
2026-08-06,MU,881.469970703125
2026-08-07,MU,877.5700073242188
2026-08-10,MU,861.0
2026-08-11,MU,868.52001953125
2026-08-12,MU,911.2899780273438
2026-08-13,MU,949.8300170898438
2026-08-14,MU,971.6599731445312
2026-08-17,MU,1011.75
2026-08-18,MU,940.760009765625
2026-08-19,MU,937.1099853515625
2026-08-20,MU,974.3300170898438
2026-08-21,MU,966.780029296875
2026-08-24,MU,910.4299926757812
2026-08-25,MU,932.969970703125
2026-08-26,MU,938.4000244140625
2026-08-27,MU,935.3900146484375
2026-08-28,MU,932.8599853515625
2026-08-31,MU,958.72998046875
2026-09-01,MU,933.4400024414062
2026-09-02,MU,956.0800170898438
2026-09-03,MU,958.1599731445312
2026-09-04,MU,1016.5900268554688
2026-09-08,MU,1000.260009765625
2026-09-09,MU,1027.77001953125
2026-09-10,MU,977.4099731445312
2026-09-11,MU,975.260009765625
2026-09-14,MU,924.030029296875
2026-09-15,MU,927.5999755859375
2026-09-16,MU,926.5499877929688
2026-09-17,MU,977.5
2026-09-18,MU,1015.7999877929688
2026-09-21,MU,1043.9599609375
2026-09-22,MU,1096.1600341796875
2026-09-23,MU,1071.8800048828125
2026-09-24,MU,1080.530029296875
2026-09-25,MU,1082.280029296875
2026-09-28,MU,1053.97998046875
2026-09-29,MU,1065.0799560546875
2026-09-30,MU,1065.1099853515625
2026-10-01,MU,1097.3900146484375
2026-10-02,MU,1074.8900146484375
2024-10-07,NVDA,127.37821197509766
2024-10-08,NVDA,132.5343780517578
2024-10-09,NVDA,132.29501342773438
2024-10-10,NVDA,134.44924926757812
2024-10-11,NVDA,134.43927001953125
2024-10-14,NVDA,137.7005157470703
2024-10-15,NVDA,131.24783325195312
2024-10-16,NVDA,135.3568115234375
2024-10-17,NVDA,136.56356811523438
2024-10-18,NVDA,137.63072204589844
2024-10-21,NVDA,143.32542419433594
2024-10-22,NVDA,143.20574951171875
2024-10-23,NVDA,139.1865234375
2024-10-24,NVDA,140.0342559814453
2024-10-25,NVDA,141.16122436523438
2024-10-28,NVDA,140.14398193359375
2024-10-29,NVDA,140.87200927734375
2024-10-30,NVDA,138.96710205078125
2024-10-31,NVDA,132.40472412109375
2024-11-01,NVDA,135.0376739501953
2024-11-04,NVDA,135.6859130859375
2024-11-05,NVDA,139.5355987548828
2024-11-06,NVDA,145.22035217285156
2024-11-07,NVDA,148.48159790039062
2024-11-08,NVDA,147.23492431640625
2024-11-11,NVDA,144.8712615966797
2024-11-12,NVDA,147.89317321777344
2024-11-13,NVDA,145.87857055664062
2024-11-14,NVDA,146.36724853515625
2024-11-15,NVDA,141.6000213623047
2024-11-18,NVDA,139.77493286132812
2024-11-19,NVDA,146.61659240722656
2024-11-20,NVDA,145.4995880126953
2024-11-21,NVDA,146.2775115966797
2024-11-22,NVDA,141.5701446533203
2024-11-25,NVDA,135.656005859375
2024-11-26,NVDA,136.55360412597656
2024-11-27,NVDA,134.97779846191406
2024-11-29,NVDA,137.88003540039062
2024-12-02,NVDA,138.25901794433594
2024-12-03,NVDA,139.88465881347656
2024-12-04,NVDA,144.75160217285156
2024-12-05,NVDA,144.68179321289062
2024-12-06,NVDA,142.06863403320312
2024-12-09,NVDA,138.4480743408203
2024-12-10,NVDA,134.7178192138672
2024-12-11,NVDA,138.94676208496094
2024-12-12,NVDA,136.98190307617188
2024-12-13,NVDA,133.8999786376953
2024-12-16,NVDA,131.6558074951172
2024-12-17,NVDA,130.05003356933594
2024-12-18,NVDA,128.5738983154297
2024-12-19,NVDA,130.33926391601562
2024-12-20,NVDA,134.34878540039062
2024-12-23,NVDA,139.30584716796875
2024-12-24,NVDA,139.8544158935547
2024-12-26,NVDA,139.56517028808594
2024-12-27,NVDA,136.65274047851562
2024-12-30,NVDA,137.13150024414062
2024-12-31,NVDA,133.9398651123047
2025-01-02,NVDA,137.94935607910156
2025-01-03,NVDA,144.09332275390625
2025-01-06,NVDA,149.04039001464844
2025-01-07,NVDA,139.77459716796875
2025-01-08,NVDA,139.7446746826172
2025-01-10,NVDA,135.55564880371094
2025-01-13,NVDA,132.8826141357422
2025-01-14,NVDA,131.41644287109375
2025-01-15,NVDA,135.88479614257812
2025-01-16,NVDA,133.2217254638672
2025-01-17,NVDA,137.3509521484375
2025-01-21,NVDA,140.4628143310547
2025-01-22,NVDA,146.6865692138672
2025-01-23,NVDA,146.83615112304688
2025-01-24,NVDA,142.24815368652344
2025-01-27,NVDA,118.11123657226562
2025-01-28,NVDA,128.65367126464844
2025-01-29,NVDA,123.37747955322266
2025-01-30,NVDA,124.32499694824219
2025-01-31,NVDA,119.7569351196289
2025-02-03,NVDA,116.35582733154297
2025-02-04,NVDA,118.34062957763672
2025-02-05,NVDA,124.50453186035156
2025-02-06,NVDA,128.344482421875
2025-02-07,NVDA,129.50144958496094
2025-02-10,NVDA,133.2217254638672
2025-02-11,NVDA,132.45376586914062
2025-02-12,NVDA,130.79806518554688
2025-02-13,NVDA,134.93722534179688
2025-02-14,NVDA,138.4879913330078
2025-02-18,NVDA,139.03652954101562
2025-02-19,NVDA,138.86697387695312
2025-02-20,NVDA,139.7446746826172
2025-02-21,NVDA,134.07948303222656
2025-02-24,NVDA,129.94032287597656
2025-02-25,NVDA,126.29981994628906
2025-02-26,NVDA,130.93771362304688
2025-02-27,NVDA,119.83672332763672
2025-02-28,NVDA,124.59429931640625
2025-03-03,NVDA,113.76261138916016
2025-03-04,NVDA,115.68756866455078
2025-03-05,NVDA,116.9941635131836
2025-03-06,NVDA,110.28170013427734
2025-03-07,NVDA,112.39617919921875
2025-03-10,NVDA,106.70106506347656
2025-03-11,NVDA,108.47642517089844
2025-03-12,NVDA,115.4488525390625
2025-03-13,NVDA,115.28925323486328
2025-03-14,NVDA,121.36392974853516
2025-03-17,NVDA,119.22930908203125
2025-03-18,NVDA,115.13961791992188
2025-03-19,NVDA,117.22435760498047
2025-03-20,NVDA,118.2318115234375
2025-03-21,NVDA,117.4039077758789
2025-03-24,NVDA,121.1045913696289
2025-03-25,NVDA,120.38639068603516
2025-03-26,NVDA,113.47382354736328
2025-03-27,NVDA,111.14968872070312
2025-03-28,NVDA,109.39411926269531
2025-03-31,NVDA,108.10735321044922
2025-04-01,NVDA,109.8729019165039
2025-04-02,NVDA,110.14221954345703
2025-04-03,NVDA,101.54391479492188
2025-04-04,NVDA,94.07275390625
2025-04-07,NVDA,97.39437103271484
2025-04-08,NVDA,96.05774688720703
2025-04-09,NVDA,114.04238891601562
2025-04-10,NVDA,107.29940032958984
2025-04-11,NVDA,110.65094757080078
2025-04-14,NVDA,110.4314956665039
2025-04-15,NVDA,111.9177474975586
2025-04-16,NVDA,104.2271499633789
2025-04-17,NVDA,101.23468780517578
2025-04-21,NVDA,96.66622161865234
2025-04-22,NVDA,98.6412353515625
2025-04-23,NVDA,102.45162200927734
2025-04-24,NVDA,106.16226959228516
2025-04-25,NVDA,110.73075103759766
2025-04-28,NVDA,108.45648956298828
2025-04-29,NVDA,108.7457504272461
2025-04-30,NVDA,108.64599609375
2025-05-01,NVDA,111.32923126220703
2025-05-02,NVDA,114.21197509765625
2025-05-05,NVDA,113.53367614746094
2025-05-06,NVDA,113.25438690185547
2025-05-07,NVDA,116.7655258178711
2025-05-08,NVDA,117.07474517822266
2025-05-09,NVDA,116.35655975341797
2025-05-12,NVDA,122.69058990478516
2025-05-13,NVDA,129.6031494140625
2025-05-14,NVDA,134.99952697753906
2025-05-15,NVDA,134.49081420898438
2025-05-16,NVDA,135.05938720703125
2025-05-19,NVDA,135.2289581298828
2025-05-20,NVDA,134.0419464111328
2025-05-21,NVDA,131.46844482421875
2025-05-22,NVDA,132.495849609375
2025-05-23,NVDA,130.959716796875
2025-05-27,NVDA,135.15911865234375
2025-05-28,NVDA,134.4708709716797
2025-05-29,NVDA,138.83985900878906
2025-05-30,NVDA,134.79006958007812
2025-06-02,NVDA,137.03440856933594
2025-06-03,NVDA,140.86473083496094
2025-06-04,NVDA,141.56298828125
2025-06-05,NVDA,139.63784790039062
2025-06-06,NVDA,141.36346435546875
2025-06-09,NVDA,142.27120971679688
2025-06-10,NVDA,143.5978546142578
2025-06-11,NVDA,142.48057556152344
2025-06-12,NVDA,144.64529418945312
2025-06-13,NVDA,141.6226806640625
2025-06-16,NVDA,144.33602905273438
2025-06-17,NVDA,143.76742553710938
2025-06-18,NVDA,145.12408447265625
2025-06-20,NVDA,143.4980926513672
2025-06-23,NVDA,143.8173065185547
2025-06-24,NVDA,147.5381622314453
2025-06-25,NVDA,153.93251037597656
2025-06-26,NVDA,154.64076232910156
2025-06-27,NVDA,157.3640899658203
2025-06-30,NVDA,157.603515625
2025-07-01,NVDA,152.92498779296875
2025-07-02,NVDA,156.86529541015625
2025-07-03,NVDA,158.9501953125
2025-07-07,NVDA,157.8529052734375
2025-07-08,NVDA,159.60858154296875
2025-07-09,NVDA,162.48153686523438
2025-07-10,NVDA,163.6985626220703
2025-07-11,NVDA,164.5165557861328
2025-07-14,NVDA,163.66864013671875
2025-07-15,NVDA,170.28240966796875
2025-07-16,NVDA,170.9507598876953
2025-07-17,NVDA,172.5767822265625
2025-07-18,NVDA,171.98822021484375
2025-07-21,NVDA,170.9607696533203
2025-07-22,NVDA,166.62139892578125
2025-07-23,NVDA,170.36219787597656
2025-07-24,NVDA,173.3149871826172
2025-07-25,NVDA,173.0755615234375
2025-07-28,NVDA,176.31761169433594
2025-07-29,NVDA,175.08062744140625
2025-07-30,NVDA,178.8314666748047
2025-07-31,NVDA,177.4348602294922
2025-08-01,NVDA,173.29501342773438
2025-08-04,NVDA,179.55966186523438
2025-08-05,NVDA,177.82391357421875
2025-08-06,NVDA,178.9810791015625
2025-08-07,NVDA,180.32778930664062
2025-08-08,NVDA,182.2530517578125
2025-08-11,NVDA,181.61460876464844
2025-08-12,NVDA,182.71192932128906
2025-08-13,NVDA,181.14578247070312
2025-08-14,NVDA,181.57470703125
2025-08-15,NVDA,180.00856018066406
2025-08-18,NVDA,181.56472778320312
2025-08-19,NVDA,175.2103271484375
2025-08-20,NVDA,174.9709014892578
2025-08-21,NVDA,174.5519256591797
2025-08-22,NVDA,177.55458068847656
2025-08-25,NVDA,179.3701171875
2025-08-26,NVDA,181.32533264160156
2025-08-27,NVDA,181.15576171875
2025-08-28,NVDA,179.729248046875
2025-08-29,NVDA,173.75387573242188
2025-09-02,NVDA,170.36219787597656
2025-09-03,NVDA,170.20262145996094
2025-09-04,NVDA,171.2400665283203
2025-09-05,NVDA,166.61143493652344
2025-09-08,NVDA,167.89825439453125
2025-09-09,NVDA,170.34225463867188
2025-09-10,NVDA,176.8961944580078
2025-09-11,NVDA,176.74656677246094
2025-09-12,NVDA,177.39498901367188
2025-09-15,NVDA,177.32518005371094
2025-09-16,NVDA,174.46202087402344
2025-09-17,NVDA,169.88299560546875
2025-09-18,NVDA,175.81878662109375
2025-09-19,NVDA,176.2477264404297
2025-09-22,NVDA,183.17115783691406
2025-09-23,NVDA,178.00352478027344
2025-09-24,NVDA,176.54701232910156
2025-09-25,NVDA,177.26531982421875
2025-09-26,NVDA,177.7641143798828
2025-09-29,NVDA,181.41537475585938
2025-09-30,NVDA,186.13406372070312
2025-10-01,NVDA,186.79248046875
2025-10-02,NVDA,188.43853759765625
2025-10-03,NVDA,187.17156982421875
2025-10-06,NVDA,185.09654235839844
2025-10-07,NVDA,184.5977325439453
2025-10-08,NVDA,188.6580047607422
2025-10-09,NVDA,192.1097412109375
2025-10-10,NVDA,182.72222900390625
2025-10-13,NVDA,187.86990356445312
2025-10-14,NVDA,179.59970092773438
2025-10-15,NVDA,179.4001922607422
2025-10-16,NVDA,181.37545776367188
2025-10-17,NVDA,182.7821044921875
2025-10-20,NVDA,182.20347595214844
2025-10-21,NVDA,180.7270050048828
2025-10-22,NVDA,179.84912109375
2025-10-23,NVDA,181.72462463378906
2025-10-24,NVDA,185.81480407714844
2025-10-27,NVDA,191.03233337402344
2025-10-28,NVDA,200.54953002929688
2025-10-29,NVDA,206.545166015625
2025-10-30,NVDA,202.4050750732422
2025-10-31,NVDA,202.0060272216797
2025-11-03,NVDA,206.3855438232422
2025-11-04,NVDA,198.21511840820312
2025-11-05,NVDA,194.74343872070312
2025-11-06,NVDA,187.63047790527344
2025-11-07,NVDA,187.7003173828125
2025-11-10,NVDA,198.5742645263672
2025-11-11,NVDA,192.69833374023438
2025-11-12,NVDA,193.33682250976562
2025-11-13,NVDA,186.4133758544922
2025-11-14,NVDA,189.71546936035156
2025-11-17,NVDA,186.1540069580078
2025-11-18,NVDA,180.92652893066406
2025-11-19,NVDA,186.07420349121094
2025-11-20,NVDA,180.208251953125
2025-11-21,NVDA,178.45245361328125
2025-11-24,NVDA,182.11370849609375
2025-11-25,NVDA,177.39498901367188
2025-11-26,NVDA,179.8291473388672
2025-11-28,NVDA,176.5769500732422
2025-12-01,NVDA,179.48997497558594
2025-12-02,NVDA,181.02630615234375
2025-12-03,NVDA,179.16075134277344
2025-12-04,NVDA,182.951904296875
2025-12-05,NVDA,181.98416137695312
2025-12-08,NVDA,185.1168212890625
2025-12-09,NVDA,184.53819274902344
2025-12-10,NVDA,183.3509521484375
2025-12-11,NVDA,180.50759887695312
2025-12-12,NVDA,174.6114044189453
2025-12-15,NVDA,175.87843322753906
2025-12-16,NVDA,177.30511474609375
2025-12-17,NVDA,170.5409393310547
2025-12-18,NVDA,173.73345947265625
2025-12-19,NVDA,180.56747436523438
2025-12-22,NVDA,183.2611541748047
2025-12-23,NVDA,188.76829528808594
2025-12-24,NVDA,188.169677734375
2025-12-26,NVDA,190.08518981933594
2025-12-29,NVDA,187.7805938720703
2025-12-30,NVDA,187.1021728515625
2025-12-31,NVDA,186.0646209716797
2026-01-02,NVDA,188.40911865234375
2026-01-05,NVDA,187.6808319091797
2026-01-06,NVDA,186.80288696289062
2026-01-07,NVDA,188.6685028076172
2026-01-08,NVDA,184.60801696777344
2026-01-09,NVDA,184.42843627929688
2026-01-12,NVDA,184.5082550048828
2026-01-13,NVDA,185.376220703125
2026-01-14,NVDA,182.7124481201172
2026-01-15,NVDA,186.6133270263672
2026-01-16,NVDA,185.79522705078125
2026-01-20,NVDA,177.65428161621094
2026-01-21,NVDA,182.8920440673828
2026-01-22,NVDA,184.40847778320312
2026-01-23,NVDA,187.23187255859375
2026-01-26,NVDA,186.03468322753906
2026-01-27,NVDA,188.07989501953125
2026-01-28,NVDA,191.07289123535156
2026-01-29,NVDA,192.06056213378906
2026-01-30,NVDA,190.6837921142578
2026-02-02,NVDA,185.17669677734375
2026-02-03,NVDA,179.91897583007812
2026-02-04,NVDA,173.78334045410156
2026-02-05,NVDA,171.47872924804688
2026-02-06,NVDA,184.97714233398438
2026-02-09,NVDA,189.59632873535156
2026-02-10,NVDA,188.09983825683594
2026-02-11,NVDA,189.60633850097656
2026-02-12,NVDA,186.5035858154297
2026-02-13,NVDA,182.3832244873047
2026-02-17,NVDA,184.53819274902344
2026-02-18,NVDA,187.5411376953125
2026-02-19,NVDA,187.46133422851562
2026-02-20,NVDA,189.37686157226562
2026-02-23,NVDA,191.1028289794922
2026-02-24,NVDA,192.39979553222656
2026-02-25,NVDA,195.10345458984375
2026-02-26,NVDA,184.4583740234375
2026-02-27,NVDA,176.77635192871094
2026-03-02,NVDA,182.05398559570312
2026-03-03,NVDA,179.62966918945312
2026-03-04,NVDA,182.61268615722656
2026-03-05,NVDA,182.9119873046875
2026-03-06,NVDA,177.4048614501953
2026-03-09,NVDA,182.2235870361328
2026-03-10,NVDA,184.33865356445312
2026-03-11,NVDA,185.60574340820312
2026-03-12,NVDA,182.7223358154297
2026-03-13,NVDA,179.8389434814453
2026-03-16,NVDA,182.80215454101562
2026-03-17,NVDA,181.51510620117188
2026-03-18,NVDA,179.98858642578125
2026-03-19,NVDA,178.15277099609375
2026-03-20,NVDA,172.30615234375
2026-03-23,NVDA,175.23944091796875
2026-03-24,NVDA,174.80044555664062
2026-03-25,NVDA,178.2725067138672
2026-03-26,NVDA,170.8494873046875
2026-03-27,NVDA,167.13796997070312
2026-03-30,NVDA,164.79331970214844
2026-03-31,NVDA,174.00225830078125
2026-04-01,NVDA,175.34918212890625
2026-04-02,NVDA,176.98545837402344
2026-04-06,NVDA,177.23487854003906
2026-04-07,NVDA,177.69383239746094
2026-04-08,NVDA,181.66476440429688
2026-04-09,NVDA,183.4906005859375
2026-04-10,NVDA,188.1998291015625
2026-04-13,NVDA,188.87826538085938
2026-04-14,NVDA,196.0618438720703
2026-04-15,NVDA,198.41647338867188
2026-04-16,NVDA,197.8976593017578
2026-04-17,NVDA,201.2200469970703
2026-04-20,NVDA,201.59918212890625
2026-04-21,NVDA,199.42417907714844
2026-04-22,NVDA,202.03819274902344
2026-04-23,NVDA,199.18470764160156
2026-04-24,NVDA,207.79502868652344
2026-04-27,NVDA,216.1160125732422
2026-04-28,NVDA,212.68385314941406
2026-04-29,NVDA,208.77279663085938
2026-04-30,NVDA,199.1148681640625
2026-05-01,NVDA,197.9974365234375
2026-05-04,NVDA,198.02734375
2026-05-05,NVDA,196.05186462402344
2026-05-06,NVDA,207.3560333251953
2026-05-07,NVDA,211.01766967773438
2026-05-08,NVDA,214.709228515625
2026-05-11,NVDA,218.93955993652344
2026-05-12,NVDA,220.27650451660156
2026-05-13,NVDA,225.3149871826172
2026-05-14,NVDA,235.202392578125
2026-05-15,NVDA,224.80615234375
2026-05-18,NVDA,221.81300354003906
2026-05-19,NVDA,220.1068878173828
2026-05-20,NVDA,222.9603729248047
2026-05-21,NVDA,219.0093994140625
2026-05-22,NVDA,214.83892822265625
2026-05-26,NVDA,214.37001037597656
2026-05-27,NVDA,212.1151580810547
2026-05-28,NVDA,213.7613983154297
2026-05-29,NVDA,210.6584930419922
2026-06-01,NVDA,223.8483428955078
2026-06-02,NVDA,222.3118438720703
2026-06-03,NVDA,214.26025390625
2026-06-04,NVDA,218.4156036376953
2026-06-05,NVDA,204.87075805664062
2026-06-08,NVDA,208.40679931640625
2026-06-09,NVDA,207.95730590820312
2026-06-10,NVDA,200.19598388671875
2026-06-11,NVDA,204.64100646972656
2026-06-12,NVDA,204.96066284179688
2026-06-15,NVDA,212.21253967285156
2026-06-16,NVDA,207.1781768798828
2026-06-17,NVDA,204.42124938964844
2026-06-18,NVDA,210.4545135498047
2026-06-22,NVDA,208.41677856445312
2026-06-23,NVDA,199.81640625
2026-06-24,NVDA,198.77757263183594
2026-06-25,NVDA,195.52122497558594
2026-06-26,NVDA,192.31480407714844
2026-06-29,NVDA,194.7520751953125
2026-06-30,NVDA,199.86634826660156
2026-07-01,NVDA,197.35916137695312
2026-07-02,NVDA,194.61224365234375
2026-07-06,NVDA,195.33143615722656
2026-07-07,NVDA,196.7098846435547
2026-07-08,NVDA,203.891845703125
2026-07-09,NVDA,202.5533447265625
2026-07-10,NVDA,210.72421264648438
2026-07-13,NVDA,203.30250549316406
2026-07-14,NVDA,211.5632781982422
2026-07-15,NVDA,212.26248168945312
2026-07-16,NVDA,207.16818237304688
2026-07-17,NVDA,202.58331298828125
2026-07-20,NVDA,203.05279541015625
2026-07-21,NVDA,207.0583038330078
2026-07-22,NVDA,211.82298278808594
2026-07-23,NVDA,208.5266571044922
2026-07-24,NVDA,206.6088104248047
2026-07-27,NVDA,196.2903594970703
2026-07-28,NVDA,196.789794921875
2026-07-29,NVDA,189.79762268066406
2026-07-30,NVDA,194.82199096679688
2026-07-31,NVDA,200.52561950683594
2026-08-03,NVDA,206.40904235839844
2026-08-04,NVDA,211.70310974121094
2026-08-05,NVDA,218.9749755859375
2026-08-06,NVDA,218.7452392578125
2026-08-07,NVDA,223.70968627929688
2026-08-10,NVDA,217.3068389892578
2026-08-11,NVDA,217.25689697265625
2026-08-12,NVDA,223.8395233154297
2026-08-13,NVDA,225.04818725585938
2026-08-14,NVDA,224.90834045410156
2026-08-17,NVDA,224.7584991455078
2026-08-18,NVDA,219.49440002441406
2026-08-19,NVDA,217.31683349609375
2026-08-20,NVDA,216.60763549804688
2026-08-21,NVDA,214.48001098632812
2026-08-24,NVDA,208.24697875976562
2026-08-25,NVDA,212.81187438964844
2026-08-26,NVDA,209.4256591796875
2026-08-27,NVDA,227.7251739501953
2026-08-28,NVDA,217.3068389892578
2026-08-31,NVDA,220.53323364257812
2026-09-01,NVDA,217.1969757080078
2026-09-02,NVDA,224.1591796875
2026-09-03,NVDA,228.1946563720703
2026-09-04,NVDA,230.10252380371094
2026-09-08,NVDA,225.47769165039062
2026-09-09,NVDA,223.4199981689453
2026-09-10,NVDA,218.36000061035156
2026-09-11,NVDA,218.2899932861328
2026-09-14,NVDA,210.9600067138672
2026-09-15,NVDA,212.1699981689453
2026-09-16,NVDA,213.89999389648438
2026-09-17,NVDA,219.33999633789062
2026-09-18,NVDA,222.27000427246094
2026-09-21,NVDA,227.3800048828125
2026-09-22,NVDA,228.8699951171875
2026-09-23,NVDA,225.50999450683594
2026-09-24,NVDA,224.5800018310547
2026-09-25,NVDA,225.07000732421875
2026-09-28,NVDA,228.86000061035156
2026-09-29,NVDA,227.2100067138672
2026-09-30,NVDA,228.3800048828125
2026-10-01,NVDA,230.86000061035156
2026-10-02,NVDA,233.9499969482422
2024-10-07,SMCI,47.7400016784668
2024-10-08,SMCI,45.349998474121094
2024-10-09,SMCI,47.290000915527344
2024-10-10,SMCI,46.470001220703125
2024-10-11,SMCI,47.79999923706055
2024-10-14,SMCI,47.38999938964844
2024-10-15,SMCI,47.7599983215332
2024-10-16,SMCI,48.75
2024-10-17,SMCI,47.59000015258789
2024-10-18,SMCI,47.2599983215332
2024-10-21,SMCI,47.79999923706055
2024-10-22,SMCI,45.970001220703125
2024-10-23,SMCI,45.36000061035156
2024-10-24,SMCI,46.22999954223633
2024-10-25,SMCI,47.27000045776367
2024-10-28,SMCI,47.720001220703125
2024-10-29,SMCI,49.119998931884766
2024-10-30,SMCI,33.06999969482422
2024-10-31,SMCI,29.110000610351562
2024-11-01,SMCI,26.049999237060547
2024-11-04,SMCI,26.030000686645508
2024-11-05,SMCI,27.700000762939453
2024-11-06,SMCI,22.700000762939453
2024-11-07,SMCI,25.479999542236328
2024-11-08,SMCI,24.520000457763672
2024-11-11,SMCI,23.229999542236328
2024-11-12,SMCI,21.700000762939453
2024-11-13,SMCI,20.329999923706055
2024-11-14,SMCI,18.010000228881836
2024-11-15,SMCI,18.579999923706055
2024-11-18,SMCI,21.540000915527344
2024-11-19,SMCI,28.270000457763672
2024-11-20,SMCI,25.799999237060547
2024-11-21,SMCI,29.700000762939453
2024-11-22,SMCI,33.150001525878906
2024-11-25,SMCI,38.40999984741211
2024-11-26,SMCI,34.43000030517578
2024-11-27,SMCI,35.06999969482422
2024-11-29,SMCI,32.63999938964844
2024-12-02,SMCI,42.0
2024-12-03,SMCI,40.209999084472656
2024-12-04,SMCI,41.810001373291016
2024-12-05,SMCI,41.13999938964844
2024-12-06,SMCI,43.93000030517578
2024-12-09,SMCI,44.15999984741211
2024-12-10,SMCI,40.540000915527344
2024-12-11,SMCI,38.290000915527344
2024-12-12,SMCI,37.93000030517578
2024-12-13,SMCI,36.45000076293945
2024-12-16,SMCI,33.439998626708984
2024-12-17,SMCI,33.79999923706055
2024-12-18,SMCI,32.22999954223633
2024-12-19,SMCI,31.239999771118164
2024-12-20,SMCI,31.59000015258789
2024-12-23,SMCI,32.400001525878906
2024-12-24,SMCI,34.33000183105469
2024-12-26,SMCI,33.7400016784668
2024-12-27,SMCI,31.979999542236328
2024-12-30,SMCI,30.68000030517578
2024-12-31,SMCI,30.479999542236328
2025-01-02,SMCI,30.049999237060547
2025-01-03,SMCI,33.33000183105469
2025-01-06,SMCI,36.45000076293945
2025-01-07,SMCI,34.380001068115234
2025-01-08,SMCI,32.61000061035156
2025-01-10,SMCI,32.599998474121094
2025-01-13,SMCI,31.079999923706055
2025-01-14,SMCI,30.530000686645508
2025-01-15,SMCI,30.989999771118164
2025-01-16,SMCI,31.1200008392334
2025-01-17,SMCI,30.81999969482422
2025-01-21,SMCI,32.45000076293945
2025-01-22,SMCI,33.86000061035156
2025-01-23,SMCI,33.40999984741211
2025-01-24,SMCI,33.27000045776367
2025-01-27,SMCI,29.06999969482422
2025-01-28,SMCI,28.18000030517578
2025-01-29,SMCI,27.799999237060547
2025-01-30,SMCI,28.639999389648438
2025-01-31,SMCI,28.520000457763672
2025-02-03,SMCI,26.850000381469727
2025-02-04,SMCI,29.15999984741211
2025-02-05,SMCI,31.489999771118164
2025-02-06,SMCI,33.84000015258789
2025-02-07,SMCI,36.279998779296875
2025-02-10,SMCI,42.650001525878906
2025-02-11,SMCI,38.61000061035156
2025-02-12,SMCI,39.68000030517578
2025-02-13,SMCI,42.279998779296875
2025-02-14,SMCI,47.90999984741211
2025-02-18,SMCI,55.79999923706055
2025-02-19,SMCI,60.25
2025-02-20,SMCI,59.27000045776367
2025-02-21,SMCI,56.06999969482422
2025-02-24,SMCI,51.61000061035156
2025-02-25,SMCI,45.540000915527344
2025-02-26,SMCI,51.11000061035156
2025-02-27,SMCI,42.95000076293945
2025-02-28,SMCI,41.459999084472656
2025-03-03,SMCI,36.06999969482422
2025-03-04,SMCI,39.13999938964844
2025-03-05,SMCI,38.900001525878906
2025-03-06,SMCI,37.04999923706055
2025-03-07,SMCI,38.2400016784668
2025-03-10,SMCI,36.900001525878906
2025-03-11,SMCI,40.84000015258789
2025-03-12,SMCI,42.470001220703125
2025-03-13,SMCI,39.08000183105469
2025-03-14,SMCI,42.16999816894531
2025-03-17,SMCI,41.939998626708984
2025-03-18,SMCI,37.900001525878906
2025-03-19,SMCI,40.099998474121094
2025-03-20,SMCI,39.099998474121094
2025-03-21,SMCI,42.150001525878906
2025-03-24,SMCI,41.720001220703125
2025-03-25,SMCI,40.63999938964844
2025-03-26,SMCI,37.040000915527344
2025-03-27,SMCI,34.720001220703125
2025-03-28,SMCI,34.2599983215332
2025-03-31,SMCI,34.2400016784668
2025-04-01,SMCI,35.04999923706055
2025-04-02,SMCI,35.09000015258789
2025-04-03,SMCI,32.31999969482422
2025-04-04,SMCI,29.81999969482422
2025-04-07,SMCI,33.0
2025-04-08,SMCI,31.709999084472656
2025-04-09,SMCI,36.709999084472656
2025-04-10,SMCI,33.68000030517578
2025-04-11,SMCI,33.150001525878906
2025-04-14,SMCI,33.119998931884766
2025-04-15,SMCI,33.47999954223633
2025-04-16,SMCI,31.889999389648438
2025-04-17,SMCI,31.510000228881836
2025-04-21,SMCI,29.510000228881836
2025-04-22,SMCI,30.579999923706055
2025-04-23,SMCI,32.900001525878906
2025-04-24,SMCI,35.810001373291016
2025-04-25,SMCI,36.470001220703125
2025-04-28,SMCI,37.27000045776367
2025-04-29,SMCI,36.0
2025-04-30,SMCI,31.860000610351562
2025-05-01,SMCI,32.72999954223633
2025-05-02,SMCI,33.709999084472656
2025-05-05,SMCI,32.16999816894531
2025-05-06,SMCI,32.939998626708984
2025-05-07,SMCI,32.47999954223633
2025-05-08,SMCI,32.11000061035156
2025-05-09,SMCI,31.989999771118164
2025-05-12,SMCI,33.52000045776367
2025-05-13,SMCI,38.88999938964844
2025-05-14,SMCI,45.0
2025-05-15,SMCI,43.959999084472656
2025-05-16,SMCI,46.150001525878906
2025-05-19,SMCI,44.790000915527344
2025-05-20,SMCI,42.77000045776367
2025-05-21,SMCI,41.650001525878906
2025-05-22,SMCI,41.31999969482422
2025-05-23,SMCI,40.09000015258789
2025-05-27,SMCI,41.56999969482422
2025-05-28,SMCI,41.959999084472656
2025-05-29,SMCI,41.150001525878906
2025-05-30,SMCI,40.02000045776367
2025-06-02,SMCI,41.20000076293945
2025-06-03,SMCI,43.189998626708984
2025-06-04,SMCI,44.130001068115234
2025-06-05,SMCI,40.77000045776367
2025-06-06,SMCI,41.54999923706055
2025-06-09,SMCI,43.119998931884766
2025-06-10,SMCI,42.90999984741211
2025-06-11,SMCI,43.209999084472656
2025-06-12,SMCI,43.36000061035156
2025-06-13,SMCI,41.560001373291016
2025-06-16,SMCI,43.689998626708984
2025-06-17,SMCI,43.11000061035156
2025-06-18,SMCI,44.470001220703125
2025-06-20,SMCI,45.31999969482422
2025-06-23,SMCI,40.88999938964844
2025-06-24,SMCI,42.84000015258789
2025-06-25,SMCI,46.61000061035156
2025-06-26,SMCI,49.27000045776367
2025-06-27,SMCI,47.58000183105469
2025-06-30,SMCI,49.0099983215332
2025-07-01,SMCI,47.20000076293945
2025-07-02,SMCI,48.7400016784668
2025-07-03,SMCI,48.560001373291016
2025-07-07,SMCI,47.11000061035156
2025-07-08,SMCI,49.11000061035156
2025-07-09,SMCI,50.02000045776367
2025-07-10,SMCI,50.36000061035156
2025-07-11,SMCI,49.2400016784668
2025-07-14,SMCI,49.72999954223633
2025-07-15,SMCI,53.16999816894531
2025-07-16,SMCI,53.220001220703125
2025-07-17,SMCI,52.75
2025-07-18,SMCI,51.77000045776367
2025-07-21,SMCI,51.5
2025-07-22,SMCI,49.86000061035156
2025-07-23,SMCI,51.70000076293945
2025-07-24,SMCI,52.52000045776367
2025-07-25,SMCI,54.470001220703125
2025-07-28,SMCI,60.04999923706055
2025-07-29,SMCI,58.630001068115234
2025-07-30,SMCI,60.709999084472656
2025-07-31,SMCI,58.970001220703125
2025-08-01,SMCI,56.63999938964844
2025-08-04,SMCI,58.22999954223633
2025-08-05,SMCI,57.2599983215332
2025-08-06,SMCI,46.790000915527344
2025-08-07,SMCI,46.66999816894531
2025-08-08,SMCI,44.599998474121094
2025-08-11,SMCI,45.20000076293945
2025-08-12,SMCI,46.43000030517578
2025-08-13,SMCI,46.06999969482422
2025-08-14,SMCI,45.4900016784668
2025-08-15,SMCI,45.369998931884766
2025-08-18,SMCI,45.86000061035156
2025-08-19,SMCI,43.2400016784668
2025-08-20,SMCI,42.61000061035156
2025-08-21,SMCI,42.310001373291016
2025-08-22,SMCI,43.880001068115234
2025-08-25,SMCI,44.06999969482422
2025-08-26,SMCI,44.36000061035156
2025-08-27,SMCI,44.7599983215332
2025-08-28,SMCI,43.970001220703125
2025-08-29,SMCI,41.540000915527344
2025-09-02,SMCI,40.779998779296875
2025-09-03,SMCI,40.099998474121094
2025-09-04,SMCI,40.70000076293945
2025-09-05,SMCI,40.40999984741211
2025-09-08,SMCI,40.040000915527344
2025-09-09,SMCI,42.91999816894531
2025-09-10,SMCI,43.90999984741211
2025-09-11,SMCI,43.95000076293945
2025-09-12,SMCI,45.0
2025-09-15,SMCI,45.380001068115234
2025-09-16,SMCI,44.90999984741211
2025-09-17,SMCI,44.900001525878906
2025-09-18,SMCI,45.939998626708984
2025-09-19,SMCI,45.810001373291016
2025-09-22,SMCI,46.869998931884766
2025-09-23,SMCI,46.9900016784668
2025-09-24,SMCI,46.20000076293945
2025-09-25,SMCI,46.2400016784668
2025-09-26,SMCI,45.81999969482422
2025-09-29,SMCI,46.36000061035156
2025-09-30,SMCI,47.939998626708984
2025-10-01,SMCI,52.38999938964844
2025-10-02,SMCI,52.5
2025-10-03,SMCI,51.959999084472656
2025-10-06,SMCI,54.619998931884766
2025-10-07,SMCI,55.06999969482422
2025-10-08,SMCI,58.68000030517578
2025-10-09,SMCI,57.97999954223633
2025-10-10,SMCI,52.86000061035156
2025-10-13,SMCI,54.75
2025-10-14,SMCI,53.11000061035156
2025-10-15,SMCI,53.939998626708984
2025-10-16,SMCI,53.84000015258789
2025-10-17,SMCI,52.18000030517578
2025-10-20,SMCI,55.040000915527344
2025-10-21,SMCI,54.81999969482422
2025-10-22,SMCI,52.5
2025-10-23,SMCI,47.91999816894531
2025-10-24,SMCI,48.290000915527344
2025-10-27,SMCI,51.56999969482422
2025-10-28,SMCI,52.36000061035156
2025-10-29,SMCI,52.689998626708984
2025-10-30,SMCI,50.369998931884766
2025-10-31,SMCI,51.959999084472656
2025-11-03,SMCI,50.75
2025-11-04,SMCI,47.400001525878906
2025-11-05,SMCI,42.029998779296875
2025-11-06,SMCI,40.34000015258789
2025-11-07,SMCI,39.7599983215332
2025-11-10,SMCI,40.189998626708984
2025-11-11,SMCI,38.81999969482422
2025-11-12,SMCI,37.90999984741211
2025-11-13,SMCI,35.09000015258789
2025-11-14,SMCI,36.41999816894531
2025-11-17,SMCI,34.099998474121094
2025-11-18,SMCI,34.900001525878906
2025-11-19,SMCI,33.72999954223633
2025-11-20,SMCI,31.559999465942383
2025-11-21,SMCI,32.189998626708984
2025-11-24,SMCI,33.31999969482422
2025-11-25,SMCI,32.47999954223633
2025-11-26,SMCI,32.83000183105469
2025-11-28,SMCI,33.849998474121094
2025-12-01,SMCI,33.40999984741211
2025-12-02,SMCI,32.91999816894531
2025-12-03,SMCI,33.68000030517578
2025-12-04,SMCI,34.22999954223633
2025-12-05,SMCI,34.689998626708984
2025-12-08,SMCI,35.369998931884766
2025-12-09,SMCI,35.02000045776367
2025-12-10,SMCI,34.900001525878906
2025-12-11,SMCI,34.02000045776367
2025-12-12,SMCI,32.33000183105469
2025-12-15,SMCI,31.3700008392334
2025-12-16,SMCI,31.65999984741211
2025-12-17,SMCI,29.84000015258789
2025-12-18,SMCI,29.3700008392334
2025-12-19,SMCI,31.110000610351562
2025-12-22,SMCI,31.06999969482422
2025-12-23,SMCI,30.760000228881836
2025-12-24,SMCI,30.549999237060547
2025-12-26,SMCI,30.639999389648438
2025-12-29,SMCI,30.079999923706055
2025-12-30,SMCI,29.649999618530273
2025-12-31,SMCI,29.270000457763672
2026-01-02,SMCI,30.959999084472656
2026-01-05,SMCI,30.06999969482422
2026-01-06,SMCI,30.540000915527344
2026-01-07,SMCI,30.010000228881836
2026-01-08,SMCI,29.899999618530273
2026-01-09,SMCI,30.15999984741211
2026-01-12,SMCI,30.1200008392334
2026-01-13,SMCI,28.600000381469727
2026-01-14,SMCI,28.270000457763672
2026-01-15,SMCI,29.420000076293945
2026-01-16,SMCI,32.63999938964844
2026-01-20,SMCI,31.40999984741211
2026-01-21,SMCI,32.2400016784668
2026-01-22,SMCI,32.45000076293945
2026-01-23,SMCI,31.700000762939453
2026-01-26,SMCI,30.799999237060547
2026-01-27,SMCI,31.200000762939453
2026-01-28,SMCI,31.209999084472656
2026-01-29,SMCI,30.1200008392334
2026-01-30,SMCI,29.110000610351562
2026-02-02,SMCI,29.709999084472656
2026-02-03,SMCI,29.670000076293945
2026-02-04,SMCI,33.7599983215332
2026-02-05,SMCI,30.850000381469727
2026-02-06,SMCI,34.380001068115234
2026-02-09,SMCI,33.529998779296875
2026-02-10,SMCI,33.33000183105469
2026-02-11,SMCI,32.040000915527344
2026-02-12,SMCI,30.43000030517578
2026-02-13,SMCI,30.540000915527344
2026-02-17,SMCI,30.110000610351562
2026-02-18,SMCI,29.709999084472656
2026-02-19,SMCI,32.15999984741211
2026-02-20,SMCI,32.41999816894531
2026-02-23,SMCI,30.709999084472656
2026-02-24,SMCI,31.1299991607666
2026-02-25,SMCI,33.599998474121094
2026-02-26,SMCI,32.279998779296875
2026-02-27,SMCI,32.38999938964844
2026-03-02,SMCI,31.829999923706055
2026-03-03,SMCI,30.68000030517578
2026-03-04,SMCI,32.650001525878906
2026-03-05,SMCI,32.2400016784668
2026-03-06,SMCI,31.309999465942383
2026-03-09,SMCI,31.979999542236328
2026-03-10,SMCI,31.790000915527344
2026-03-11,SMCI,31.790000915527344
2026-03-12,SMCI,30.899999618530273
2026-03-13,SMCI,30.75
2026-03-16,SMCI,31.860000610351562
2026-03-17,SMCI,31.510000228881836
2026-03-18,SMCI,30.350000381469727
2026-03-19,SMCI,30.790000915527344
2026-03-20,SMCI,20.530000686645508
2026-03-23,SMCI,21.579999923706055
2026-03-24,SMCI,22.229999542236328
2026-03-25,SMCI,24.049999237060547
2026-03-26,SMCI,22.209999084472656
2026-03-27,SMCI,21.969999313354492
2026-03-30,SMCI,21.059999465942383
2026-03-31,SMCI,22.770000457763672
2026-04-01,SMCI,22.510000228881836
2026-04-02,SMCI,23.219999313354492
2026-04-06,SMCI,22.049999237060547
2026-04-07,SMCI,22.670000076293945
2026-04-08,SMCI,23.3700008392334
2026-04-09,SMCI,23.219999313354492
2026-04-10,SMCI,25.260000228881836
2026-04-13,SMCI,25.969999313354492
2026-04-14,SMCI,27.200000762939453
2026-04-15,SMCI,27.290000915527344
2026-04-16,SMCI,28.399999618530273
2026-04-17,SMCI,28.559999465942383
2026-04-20,SMCI,28.809999465942383
2026-04-21,SMCI,28.43000030517578
2026-04-22,SMCI,29.18000030517578
2026-04-23,SMCI,26.75
2026-04-24,SMCI,29.079999923706055
2026-04-27,SMCI,27.850000381469727
2026-04-28,SMCI,27.25
2026-04-29,SMCI,26.31999969482422
2026-04-30,SMCI,27.399999618530273
2026-05-01,SMCI,27.09000015258789
2026-05-04,SMCI,27.920000076293945
2026-05-05,SMCI,27.829999923706055
2026-05-06,SMCI,34.65999984741211
2026-05-07,SMCI,33.619998931884766
2026-05-08,SMCI,35.369998931884766
2026-05-11,SMCI,33.52000045776367
2026-05-12,SMCI,32.790000915527344
2026-05-13,SMCI,32.0
2026-05-14,SMCI,33.029998779296875
2026-05-15,SMCI,31.040000915527344
2026-05-18,SMCI,30.850000381469727
2026-05-19,SMCI,30.559999465942383
2026-05-20,SMCI,33.459999084472656
2026-05-21,SMCI,33.459999084472656
2026-05-22,SMCI,35.58000183105469
2026-05-26,SMCI,37.099998474121094
2026-05-27,SMCI,38.189998626708984
2026-05-28,SMCI,41.29999923706055
2026-05-29,SMCI,46.09000015258789
2026-06-01,SMCI,46.880001068115234
2026-06-02,SMCI,50.16999816894531
2026-06-03,SMCI,47.41999816894531
2026-06-04,SMCI,46.900001525878906
2026-06-05,SMCI,41.63999938964844
2026-06-08,SMCI,43.9900016784668
2026-06-09,SMCI,40.63999938964844
2026-06-10,SMCI,29.270000457763672
2026-06-11,SMCI,31.969999313354492
2026-06-12,SMCI,30.459999084472656
2026-06-15,SMCI,30.850000381469727
2026-06-16,SMCI,29.219999313354492
2026-06-17,SMCI,27.780000686645508
2026-06-18,SMCI,30.65999984741211
2026-06-22,SMCI,35.459999084472656
2026-06-23,SMCI,33.31999969482422
2026-06-24,SMCI,32.45000076293945
2026-06-25,SMCI,31.68000030517578
2026-06-26,SMCI,30.6299991607666
2026-06-29,SMCI,28.149999618530273
2026-06-30,SMCI,29.329999923706055
2026-07-01,SMCI,27.649999618530273
2026-07-02,SMCI,27.219999313354492
2026-07-06,SMCI,27.190000534057617
2026-07-07,SMCI,26.25
2026-07-08,SMCI,28.170000076293945
2026-07-09,SMCI,28.239999771118164
2026-07-10,SMCI,28.309999465942383
2026-07-13,SMCI,27.65999984741211
2026-07-14,SMCI,27.649999618530273
2026-07-15,SMCI,26.889999389648438
2026-07-16,SMCI,24.68000030517578
2026-07-17,SMCI,24.18000030517578
2026-07-20,SMCI,23.829999923706055
2026-07-21,SMCI,25.5
2026-07-22,SMCI,30.559999465942383
2026-07-23,SMCI,31.200000762939453
2026-07-24,SMCI,30.100000381469727
2026-07-27,SMCI,29.809999465942383
2026-07-28,SMCI,28.450000762939453
2026-07-29,SMCI,25.700000762939453
2026-07-30,SMCI,27.729999542236328
2026-07-31,SMCI,28.399999618530273
2026-08-03,SMCI,28.639999389648438
2026-08-04,SMCI,31.690000534057617
2026-08-05,SMCI,30.31999969482422
2026-08-06,SMCI,29.3799991607666
2026-08-07,SMCI,31.1299991607666
2026-08-10,SMCI,31.459999084472656
2026-08-11,SMCI,31.600000381469727
2026-08-12,SMCI,37.61000061035156
2026-08-13,SMCI,39.15999984741211
2026-08-14,SMCI,39.84000015258789
2026-08-17,SMCI,38.279998779296875
2026-08-18,SMCI,37.40999984741211
2026-08-19,SMCI,36.58000183105469
2026-08-20,SMCI,36.5
2026-08-21,SMCI,37.2400016784668
2026-08-24,SMCI,35.16999816894531
2026-08-25,SMCI,38.459999084472656
2026-08-26,SMCI,37.38999938964844
2026-08-27,SMCI,38.459999084472656
2026-08-28,SMCI,37.08000183105469
2026-08-31,SMCI,37.279998779296875
2026-09-01,SMCI,36.709999084472656
2026-09-02,SMCI,37.0
2026-09-03,SMCI,37.869998931884766
2026-09-04,SMCI,39.59000015258789
2026-09-08,SMCI,40.2599983215332
2026-09-09,SMCI,38.93000030517578
2026-09-10,SMCI,37.380001068115234
2026-09-11,SMCI,40.099998474121094
2026-09-14,SMCI,36.7400016784668
2026-09-15,SMCI,35.63999938964844
2026-09-16,SMCI,36.849998474121094
2026-09-17,SMCI,40.349998474121094
2026-09-18,SMCI,39.09000015258789
2026-09-21,SMCI,41.20000076293945
2026-09-22,SMCI,41.540000915527344
2026-09-23,SMCI,41.439998626708984
2026-09-24,SMCI,41.5099983215332
2026-09-25,SMCI,43.2599983215332
2026-09-28,SMCI,41.779998779296875
2026-09-29,SMCI,41.02000045776367
2026-09-30,SMCI,41.06999969482422
2026-10-01,SMCI,41.91999816894531
2026-10-02,SMCI,43.689998626708984
2024-10-07,SOXX,228.0771026611328
2024-10-08,SOXX,230.32373046875
2024-10-09,SOXX,232.7286834716797
2024-10-10,SOXX,231.095703125
2024-10-11,SOXX,233.0355224609375
2024-10-14,SOXX,237.33082580566406
2024-10-15,SOXX,225.01890563964844
2024-10-16,SOXX,225.01890563964844
2024-10-17,SOXX,226.79049682617188
2024-10-18,SOXX,226.99832153320312
2024-10-21,SOXX,226.57273864746094
2024-10-22,SOXX,225.73150634765625
2024-10-23,SOXX,223.71249389648438
2024-10-24,SOXX,224.95956420898438
2024-10-25,SOXX,227.216064453125
2024-10-28,SOXX,227.35462951660156
2024-10-29,SOXX,232.94644165039062
2024-10-30,SOXX,224.73191833496094
2024-10-31,SOXX,216.0126190185547
2024-11-01,SOXX,218.30874633789062
2024-11-04,SOXX,217.0518035888672
2024-11-05,SOXX,219.58546447753906
2024-11-06,SOXX,225.9888153076172
2024-11-07,SOXX,230.6998291015625
2024-11-08,SOXX,228.97772216796875
2024-11-11,SOXX,223.24737548828125
2024-11-12,SOXX,220.81268310546875
2024-11-13,SOXX,216.12147521972656
2024-11-14,SOXX,215.99282836914062
2024-11-15,SOXX,209.0352325439453
2024-11-18,SOXX,211.73709106445312
2024-11-19,SOXX,212.14288330078125
2024-11-20,SOXX,210.51979064941406
2024-11-21,SOXX,213.85507202148438
2024-11-22,SOXX,213.94412231445312
2024-11-25,SOXX,216.03244018554688
2024-11-26,SOXX,213.23155212402344
2024-11-27,SOXX,210.37132263183594
2024-11-29,SOXX,213.1820831298828
2024-12-02,SOXX,218.78378295898438
2024-12-03,SOXX,217.54664611816406
2024-12-04,SOXX,220.4266815185547
2024-12-05,SOXX,216.26004028320312
2024-12-06,SOXX,217.56646728515625
2024-12-09,SOXX,216.51736450195312
2024-12-10,SOXX,211.3708953857422
2024-12-11,SOXX,216.68563842773438
2024-12-12,SOXX,215.0031280517578
2024-12-13,SOXX,221.000732421875
2024-12-16,SOXX,225.0980987548828
2024-12-17,SOXX,221.91415405273438
2024-12-18,SOXX,213.7064971923828
2024-12-19,SOXX,210.11813354492188
2024-12-20,SOXX,212.94320678710938
2024-12-23,SOXX,219.38644409179688
2024-12-24,SOXX,221.6465301513672
2024-12-26,SOXX,221.57711791992188
2024-12-27,SOXX,219.70362854003906
2024-12-30,SOXX,215.38172912597656
2024-12-31,SOXX,213.6073760986328
2025-01-02,SOXX,214.92576599121094
2025-01-03,SOXX,220.52638244628906
2025-01-06,SOXX,226.91014099121094
2025-01-07,SOXX,223.8173828125
2025-01-08,SOXX,221.58702087402344
2025-01-10,SOXX,216.293701171875
2025-01-13,SOXX,215.6295623779297
2025-01-14,SOXX,217.0470428466797
2025-01-15,SOXX,221.25991821289062
2025-01-16,SOXX,221.58702087402344
2025-01-17,SOXX,227.73284912109375
2025-01-21,SOXX,230.41917419433594
2025-01-22,SOXX,233.7498321533203
2025-01-23,SOXX,233.3136749267578
2025-01-24,SOXX,228.62501525878906
2025-01-27,SOXX,210.6930694580078
2025-01-28,SOXX,211.634765625
2025-01-29,SOXX,212.50706481933594
2025-01-30,SOXX,216.82894897460938
2025-01-31,SOXX,216.2243194580078
2025-02-03,SOXX,212.32864379882812
2025-02-04,SOXX,214.50941467285156
2025-02-05,SOXX,218.6627960205078
2025-02-06,SOXX,218.37535095214844
2025-02-07,SOXX,214.9752960205078
2025-02-10,SOXX,217.7805938720703
2025-02-11,SOXX,217.97882080078125
2025-02-12,SOXX,218.21673583984375
2025-02-13,SOXX,220.8931427001953
2025-02-14,SOXX,221.1211395263672
2025-02-18,SOXX,224.7788848876953
2025-02-19,SOXX,228.51597595214844
2025-02-20,SOXX,229.05126953125
2025-02-21,SOXX,222.02317810058594
2025-02-24,SOXX,216.80914306640625
2025-02-25,SOXX,212.3385467529297
2025-02-26,SOXX,216.0359649658203
2025-02-27,SOXX,203.45681762695312
2025-02-28,SOXX,206.69827270507812
2025-03-03,SOXX,199.3926544189453
2025-03-04,SOXX,200.50286865234375
2025-03-05,SOXX,204.82479858398438
2025-03-06,SOXX,196.309814453125
2025-03-07,SOXX,202.0690460205078
2025-03-10,SOXX,192.72145080566406
2025-03-11,SOXX,190.4415283203125
2025-03-12,SOXX,194.36695861816406
2025-03-13,SOXX,193.3955078125
2025-03-14,SOXX,199.36293029785156
2025-03-17,SOXX,202.65391540527344
2025-03-18,SOXX,199.9651336669922
2025-03-19,SOXX,201.59288024902344
2025-03-20,SOXX,199.9849853515625
2025-03-21,SOXX,197.89076232910156
2025-03-24,SOXX,203.7665557861328
2025-03-25,SOXX,202.6648406982422
2025-03-26,SOXX,196.98756408691406
2025-03-27,SOXX,193.10675048828125
2025-03-28,SOXX,187.2706756591797
2025-03-31,SOXX,186.7644805908203
2025-04-01,SOXX,186.86375427246094
2025-04-02,SOXX,188.06466674804688
2025-04-03,SOXX,169.0875244140625
2025-04-04,SOXX,156.45260620117188
2025-04-07,SOXX,160.06539916992188
2025-04-08,SOXX,153.7032928466797
2025-04-09,SOXX,182.24847412109375
2025-04-10,SOXX,167.3505859375
2025-04-11,SOXX,170.97332763671875
2025-04-14,SOXX,172.10479736328125
2025-04-15,SOXX,172.80950927734375
2025-04-16,SOXX,166.1396942138672
2025-04-17,SOXX,165.3059844970703
2025-04-21,SOXX,162.417724609375
2025-04-22,SOXX,165.573974609375
2025-04-23,SOXX,171.77728271484375
2025-04-24,SOXX,181.6628875732422
2025-04-25,SOXX,183.4295654296875
2025-04-28,SOXX,183.10205078125
2025-04-29,SOXX,181.14675903320312
2025-04-30,SOXX,182.46682739257812
2025-05-01,SOXX,182.21871948242188
2025-05-02,SOXX,188.610595703125
2025-05-05,SOXX,187.16148376464844
2025-05-06,SOXX,185.37493896484375
2025-05-07,SOXX,188.62049865722656
2025-05-08,SOXX,190.30783081054688
2025-05-09,SOXX,192.49136352539062
2025-05-12,SOXX,206.3173370361328
2025-05-13,SOXX,212.163330078125
2025-05-14,SOXX,213.18565368652344
2025-05-15,SOXX,211.8159637451172
2025-05-16,SOXX,211.5380401611328
2025-05-19,SOXX,210.2676239013672
2025-05-20,SOXX,209.9599151611328
2025-05-21,SOXX,206.1188201904297
2025-05-22,SOXX,204.21319580078125
2025-05-23,SOXX,201.04701232910156
2025-05-27,SOXX,207.72671508789062
2025-05-28,SOXX,206.68458557128906
2025-05-29,SOXX,207.52821350097656
2025-05-30,SOXX,203.4092254638672
2025-06-02,SOXX,206.47613525390625
2025-06-03,SOXX,212.02439880371094
2025-06-04,SOXX,215.1806640625
2025-06-05,SOXX,214.27745056152344
2025-06-06,SOXX,215.71658325195312
2025-06-09,SOXX,220.79837036132812
2025-06-10,SOXX,225.6220703125
2025-06-11,SOXX,224.8677215576172
2025-06-12,SOXX,225.1754150390625
2025-06-13,SOXX,219.3095703125
2025-06-16,SOXX,226.23570251464844
2025-06-17,SOXX,224.4452362060547
2025-06-18,SOXX,225.3603515625
2025-06-20,SOXX,223.9180450439453
2025-06-23,SOXX,225.3106231689453
2025-06-24,SOXX,233.85513305664062
2025-06-25,SOXX,235.9539794921875
2025-06-26,SOXX,237.8041229248047
2025-06-27,SOXX,237.59524536132812
2025-06-30,SOXX,237.43609619140625
2025-07-01,SOXX,236.36180114746094
2025-07-02,SOXX,240.8578643798828
2025-07-03,SOXX,242.051513671875
2025-07-07,SOXX,237.51565551757812
2025-07-08,SOXX,242.051513671875
2025-07-09,SOXX,242.82737731933594
2025-07-10,SOXX,245.24452209472656
2025-07-11,SOXX,244.8665313720703
2025-07-14,SOXX,242.53892517089844
2025-07-15,SOXX,244.9560546875
2025-07-16,SOXX,244.28961181640625
2025-07-17,SOXX,245.22463989257812
2025-07-18,SOXX,245.42355346679688
2025-07-21,SOXX,245.6424102783203
2025-07-22,SOXX,242.25042724609375
2025-07-23,SOXX,240.77828979492188
2025-07-24,SOXX,240.2809295654297
2025-07-25,SOXX,240.26101684570312
2025-07-28,SOXX,244.44876098632812
2025-07-29,SOXX,244.88641357421875
2025-07-30,SOXX,246.63710021972656
2025-07-31,SOXX,238.75904846191406
2025-08-01,SOXX,235.9838104248047
2025-08-04,SOXX,239.1270751953125
2025-08-05,SOXX,237.4659423828125
2025-08-06,SOXX,235.67544555664062
2025-08-07,SOXX,239.5647430419922
2025-08-08,SOXX,241.583984375
2025-08-11,SOXX,241.12643432617188
2025-08-12,SOXX,248.8354034423828
2025-08-13,SOXX,252.5357208251953
2025-08-14,SOXX,252.79434204101562
2025-08-15,SOXX,247.00515747070312
2025-08-18,SOXX,247.7312774658203
2025-08-19,SOXX,243.8519287109375
2025-08-20,SOXX,242.4493865966797
2025-08-21,SOXX,241.0767059326172
2025-08-22,SOXX,247.77105712890625
2025-08-25,SOXX,247.1941375732422
2025-08-26,SOXX,249.52175903320312
2025-08-27,SOXX,250.00914001464844
2025-08-28,SOXX,251.21275329589844
2025-08-29,SOXX,244.02102661132812
2025-09-02,SOXX,241.54420471191406
2025-09-03,SOXX,240.40028381347656
2025-09-04,SOXX,242.8771209716797
2025-09-05,SOXX,245.7418670654297
2025-09-08,SOXX,247.5323486328125
2025-09-09,SOXX,247.7412109375
2025-09-10,SOXX,252.10797119140625
2025-09-11,SOXX,253.83877563476562
2025-09-12,SOXX,254.286376953125
2025-09-15,SOXX,256.4349060058594
2025-09-16,SOXX,257.751708984375
2025-09-17,SOXX,257.7018737792969
2025-09-18,SOXX,266.7129211425781
2025-09-19,SOXX,265.0083923339844
2025-09-22,SOXX,268.9656677246094
2025-09-23,SOXX,268.646728515625
2025-09-24,SOXX,268.2380065917969
2025-09-25,SOXX,267.3807678222656
2025-09-26,SOXX,267.9688415527344
2025-09-29,SOXX,268.06854248046875
2025-09-30,SOXX,270.25152587890625
2025-10-01,SOXX,275.454833984375
2025-10-02,SOXX,280.7876892089844
2025-10-03,SOXX,279.063232421875
2025-10-06,SOXX,287.4363098144531
2025-10-07,SOXX,281.0069580078125
2025-10-08,SOXX,290.6061706542969
2025-10-09,SOXX,289.2604675292969
2025-10-10,SOXX,271.1187744140625
2025-10-13,SOXX,283.9574890136719
2025-10-14,SOXX,278.1361999511719
2025-10-15,SOXX,286.7186279296875
2025-10-16,SOXX,288.0543518066406
2025-10-17,SOXX,287.2469482421875
2025-10-20,SOXX,292.0315246582031
2025-10-21,SOXX,290.3968200683594
2025-10-22,SOXX,283.2198791503906
2025-10-23,SOXX,290.12762451171875
2025-10-24,SOXX,294.9123229980469
2025-10-27,SOXX,303.10595703125
2025-10-28,SOXX,303.47479248046875
2025-10-29,SOXX,308.6082763671875
2025-10-30,SOXX,304.43170166015625
2025-10-31,SOXX,305.5680236816406
2025-11-03,SOXX,307.3922119140625
2025-11-04,SOXX,295.3110046386719
2025-11-05,SOXX,304.49151611328125
2025-11-06,SOXX,296.5469970703125
2025-11-07,SOXX,293.4370422363281
2025-11-10,SOXX,301.0326232910156
2025-11-11,SOXX,294.20458984375
2025-11-12,SOXX,298.7100830078125
2025-11-13,SOXX,288.4530334472656
2025-11-14,SOXX,287.5957946777344
2025-11-17,SOXX,282.65167236328125
2025-11-18,SOXX,276.0927734375
2025-11-19,SOXX,280.70794677734375
2025-11-20,SOXX,267.2412109375
2025-11-21,SOXX,269.96246337890625
2025-11-24,SOXX,281.7944641113281
2025-11-25,SOXX,282.6716003417969
2025-11-26,SOXX,290.4566345214844
2025-11-28,SOXX,295.78948974609375
2025-12-01,SOXX,295.9689025878906
2025-12-02,SOXX,301.86993408203125
2025-12-03,SOXX,308.3690490722656
2025-12-04,SOXX,305.2989196777344
2025-12-05,SOXX,308.408935546875
2025-12-08,SOXX,311.7581787109375
2025-12-09,SOXX,311.1800231933594
2025-12-10,SOXX,315.3166809082031
2025-12-11,SOXX,313.51251220703125
2025-12-12,SOXX,298.5207214355469
2025-12-15,SOXX,297.055419921875
2025-12-16,SOXX,295.6838073730469
2025-12-17,SOXX,284.7329406738281
2025-12-18,SOXX,291.53106689453125
2025-12-19,SOXX,299.2875061035156
2025-12-22,SOXX,303.3105163574219
2025-12-23,SOXX,304.42852783203125
2025-12-24,SOXX,305.6064758300781
2025-12-26,SOXX,305.50665283203125
2025-12-29,SOXX,304.7879333496094
2025-12-30,SOXX,304.3886413574219
2025-12-31,SOXX,300.6251525878906
2026-01-02,SOXX,313.143310546875
2026-01-05,SOXX,317.5057067871094
2026-01-06,SOXX,327.7778015136719
2026-01-07,SOXX,324.32379150390625
2026-01-08,SOXX,319.0230407714844
2026-01-09,SOXX,328.20703125
2026-01-12,SOXX,329.7742919921875
2026-01-13,SOXX,332.7191467285156
2026-01-14,SOXX,331.3215637207031
2026-01-15,SOXX,336.63232421875
2026-01-16,SOXX,341.8731689453125
2026-01-20,SOXX,336.7620849609375
2026-01-21,SOXX,347.5332946777344
2026-01-22,SOXX,348.0623779296875
2026-01-23,SOXX,344.1092529296875
2026-01-26,SOXX,342.4721374511719
2026-01-27,SOXX,350.4681396484375
2026-01-28,SOXX,359.8318176269531
2026-01-29,SOXX,360.5006408691406
2026-01-30,SOXX,345.6965026855469
2026-02-02,SOXX,352.0753479003906
2026-02-03,SOXX,345.03765869140625
2026-02-04,SOXX,329.80426025390625
2026-02-05,SOXX,330.2534484863281
2026-02-06,SOXX,347.9026184082031
2026-02-09,SOXX,352.15521240234375
2026-02-10,SOXX,350.81756591796875
2026-02-11,SOXX,359.5722961425781
2026-02-12,SOXX,350.8874206542969
2026-02-13,SOXX,354.0419616699219
2026-02-17,SOXX,353.48291015625
2026-02-18,SOXX,357.2962646484375
2026-02-19,SOXX,355.2198486328125
2026-02-20,SOXX,358.8036193847656
2026-02-23,SOXX,356.1981506347656
2026-02-24,SOXX,361.4090881347656
2026-02-25,SOXX,367.3586730957031
2026-02-26,SOXX,356.17816162109375
2026-02-27,SOXX,351.6760559082031
2026-03-02,SOXX,351.43646240234375
2026-03-03,SOXX,334.1965637207031
2026-03-04,SOXX,340.94482421875
2026-03-05,SOXX,337.17138671875
2026-03-06,SOXX,322.94622802734375
2026-03-09,SOXX,335.7837829589844
2026-03-10,SOXX,338.21954345703125
2026-03-11,SOXX,341.49383544921875
2026-03-12,SOXX,329.6145935058594
2026-03-13,SOXX,330.7425842285156
2026-03-16,SOXX,337.2412414550781
2026-03-17,SOXX,339.8663024902344
2026-03-18,SOXX,337.90850830078125
2026-03-19,SOXX,339.81634521484375
2026-03-20,SOXX,332.1350402832031
2026-03-23,SOXX,336.21044921875
2026-03-24,SOXX,340.63543701171875
2026-03-25,SOXX,344.86065673828125
2026-03-26,SOXX,328.4791564941406
2026-03-27,SOXX,323.1152038574219
2026-03-30,SOXX,309.4406433105469
2026-03-31,SOXX,328.28936767578125
2026-04-01,SOXX,338.1582336425781
2026-04-02,SOXX,339.2270202636719
2026-04-06,SOXX,343.71197509765625
2026-04-07,SOXX,347.3678283691406
2026-04-08,SOXX,369.9822998046875
2026-04-09,SOXX,378.2030029296875
2026-04-10,SOXX,386.1640319824219
2026-04-13,SOXX,392.89642333984375
2026-04-14,SOXX,400.7875061035156
2026-04-15,SOXX,401.40679931640625
2026-04-16,SOXX,405.4922180175781
2026-04-17,SOXX,415.2412109375
2026-04-20,SOXX,417.0791015625
2026-04-21,SOXX,420.2255859375
2026-04-22,SOXX,431.2830810546875
2026-04-23,SOXX,440.502685546875
2026-04-24,SOXX,461.0794677734375
2026-04-27,SOXX,454.8964538574219
2026-04-28,SOXX,438.2152404785156
2026-04-29,SOXX,449.4825439453125
2026-04-30,SOXX,460.91961669921875
2026-05-01,SOXX,465.2247619628906
2026-05-04,SOXX,461.5389099121094
2026-05-05,SOXX,482.1856384277344
2026-05-06,SOXX,506.29840087890625
2026-05-07,SOXX,491.8047180175781
2026-05-08,SOXX,519.7132568359375
2026-05-11,SOXX,532.1592407226562
2026-05-12,SOXX,515.4080810546875
2026-05-13,SOXX,527.6942749023438
2026-05-14,SOXX,529.4323120117188
2026-05-15,SOXX,507.946533203125
2026-05-18,SOXX,495.310791015625
2026-05-19,SOXX,496.1798095703125
2026-05-20,SOXX,519.7232666015625
2026-05-21,SOXX,524.1182861328125
2026-05-22,SOXX,536.7240600585938
2026-05-26,SOXX,569.4471435546875
2026-05-27,SOXX,563.343994140625
2026-05-28,SOXX,568.8277587890625
2026-05-29,SOXX,568.4382934570312
2026-06-01,SOXX,571.2849731445312
2026-06-02,SOXX,604.3377075195312
2026-06-03,SOXX,614.9856567382812
2026-06-04,SOXX,602.040283203125
2026-06-05,SOXX,539.1613159179688
2026-06-08,SOXX,570.8056030273438
2026-06-09,SOXX,561.5060424804688
2026-06-10,SOXX,540.8993530273438
2026-06-11,SOXX,586.2681274414062
2026-06-12,SOXX,595.5775756835938
2026-06-15,SOXX,628.0393676757812
2026-06-16,SOXX,590.8536987304688
2026-06-17,SOXX,599.338134765625
2026-06-18,SOXX,639.0322265625
2026-06-22,SOXX,654.58203125
2026-06-23,SOXX,602.9957885742188
2026-06-24,SOXX,601.1069946289062
2026-06-25,SOXX,624.79150390625
2026-06-26,SOXX,589.5545654296875
2026-06-29,SOXX,613.9485473632812
2026-06-30,SOXX,640.3413696289062
2026-07-01,SOXX,599.3081665039062
2026-07-02,SOXX,565.9500122070312
2026-07-06,SOXX,581.1300659179688
2026-07-07,SOXX,551.3295288085938
2026-07-08,SOXX,561.6627807617188
2026-07-09,SOXX,581.3199462890625
2026-07-10,SOXX,580.960205078125
2026-07-13,SOXX,553.248291015625
2026-07-14,SOXX,567.5488891601562
2026-07-15,SOXX,554.9072265625
2026-07-16,SOXX,530.1533813476562
2026-07-17,SOXX,521.4690551757812
2026-07-20,SOXX,523.7975463867188
2026-07-21,SOXX,552.328857421875
2026-07-22,SOXX,555.1570434570312
2026-07-23,SOXX,550.8798217773438
2026-07-24,SOXX,526.6656494140625
2026-07-27,SOXX,515.8927001953125
2026-07-28,SOXX,491.1388854980469
2026-07-29,SOXX,464.6961669921875
2026-07-30,SOXX,504.2003479003906
2026-07-31,SOXX,504.56011962890625
2026-08-03,SOXX,507.3482666015625
2026-08-04,SOXX,541.8557739257812
2026-08-05,SOXX,530.353271484375
2026-08-06,SOXX,532.1720581054688
2026-08-07,SOXX,542.9150390625
2026-08-10,SOXX,529.0441284179688
2026-08-11,SOXX,533.8509521484375
2026-08-12,SOXX,546.2528076171875
2026-08-13,SOXX,550.380126953125
2026-08-14,SOXX,550.0603637695312
2026-08-17,SOXX,558.7546997070312
2026-08-18,SOXX,531.0427856445312
2026-08-19,SOXX,519.3304443359375
2026-08-20,SOXX,522.0086669921875
2026-08-21,SOXX,519.710205078125
2026-08-24,SOXX,505.8492736816406
2026-08-25,SOXX,513.72412109375
2026-08-26,SOXX,515.0632934570312
2026-08-27,SOXX,525.086669921875
2026-08-28,SOXX,508.28765869140625
2026-08-31,SOXX,510.70611572265625
2026-09-01,SOXX,499.98309326171875
2026-09-02,SOXX,501.11236572265625
2026-09-03,SOXX,501.87188720703125
2026-09-04,SOXX,519.5203247070312
2026-09-08,SOXX,528.0547485351562
2026-09-09,SOXX,531.6524047851562
2026-09-10,SOXX,517.0919189453125
2026-09-11,SOXX,526.7256469726562
2026-09-14,SOXX,497.07501220703125
2026-09-15,SOXX,498.8500061035156
2026-09-16,SOXX,502.05999755859375
2026-09-17,SOXX,519.0999755859375
2026-09-18,SOXX,533.0700073242188
2026-09-21,SOXX,559.3400268554688
2026-09-22,SOXX,572.780029296875
2026-09-23,SOXX,565.719970703125
2026-09-24,SOXX,566.0700073242188
2026-09-25,SOXX,572.6799926757812
2026-09-28,SOXX,560.7899780273438
2026-09-29,SOXX,567.4400024414062
2026-09-30,SOXX,568.6400146484375
2026-10-01,SOXX,576.3300170898438
2026-10-02,SOXX,588.9000244140625
2024-10-07,TSM,180.06480407714844
2024-10-08,TSM,181.56773376464844
2024-10-09,TSM,182.6314697265625
2024-10-10,TSM,181.30421447753906
2024-10-11,TSM,186.2130584716797
2024-10-14,TSM,187.57931518554688
2024-10-15,TSM,182.62167358398438
2024-10-16,TSM,182.96327209472656
2024-10-17,TSM,200.8809356689453
2024-10-18,TSM,195.9428253173828
2024-10-21,TSM,197.0846405029297
2024-10-22,TSM,193.6982421875
2024-10-23,TSM,196.0209197998047
2024-10-24,TSM,193.16151428222656
2024-10-25,TSM,198.5387725830078
2024-10-28,TSM,189.9897918701172
2024-10-29,TSM,192.19532775878906
2024-10-30,TSM,189.79461669921875
2024-10-31,TSM,185.94952392578125
2024-11-01,TSM,188.3014678955078
2024-11-04,TSM,186.9449462890625
2024-11-05,TSM,191.04376220703125
2024-11-06,TSM,188.5649871826172
2024-11-07,TSM,196.34295654296875
2024-11-08,TSM,196.35272216796875
2024-11-11,TSM,189.3749542236328
2024-11-12,TSM,187.14988708496094
2024-11-13,TSM,182.16299438476562
2024-11-14,TSM,183.9586944580078
2024-11-15,TSM,181.52870178222656
2024-11-18,TSM,182.96327209472656
2024-11-19,TSM,185.10049438476562
2024-11-20,TSM,183.8220672607422
2024-11-21,TSM,186.63267517089844
2024-11-22,TSM,185.5006103515625
2024-11-25,TSM,180.62109375
2024-11-26,TSM,179.41094970703125
2024-11-27,TSM,176.82481384277344
2024-11-29,TSM,180.211181640625
2024-12-02,TSM,189.71652221679688
2024-12-03,TSM,194.098388671875
2024-12-04,TSM,195.85501098632812
2024-12-05,TSM,199.37803649902344
2024-12-06,TSM,198.12887573242188
2024-12-09,TSM,194.3716278076172
2024-12-10,TSM,187.31581115722656
2024-12-11,TSM,189.91172790527344
2024-12-12,TSM,187.4407196044922
2024-12-13,TSM,196.77066040039062
2024-12-16,TSM,197.97483825683594
2024-12-17,TSM,196.4475860595703
2024-12-18,TSM,191.4546356201172
2024-12-19,TSM,190.553955078125
2024-12-20,TSM,193.0700225830078
2024-12-23,TSM,203.00694274902344
2024-12-24,TSM,201.99855041503906
2024-12-26,TSM,198.79718017578125
2024-12-27,TSM,197.397216796875
2024-12-30,TSM,196.18325805664062
2024-12-31,TSM,193.34413146972656
2025-01-02,TSM,197.34829711914062
2025-01-03,TSM,204.23068237304688
2025-01-06,TSM,215.39137268066406
2025-01-07,TSM,206.981689453125
2025-01-08,TSM,202.77194213867188
2025-01-10,TSM,203.99571228027344
2025-01-13,TSM,197.13287353515625
2025-01-14,TSM,197.2209930419922
2025-01-15,TSM,202.4586944580078
2025-01-16,TSM,210.28094482421875
2025-01-17,TSM,207.0600128173828
2025-01-21,TSM,214.10885620117188
2025-01-22,TSM,218.514404296875
2025-01-23,TSM,219.90460205078125
2025-01-24,TSM,217.22210693359375
2025-01-27,TSM,188.27284240722656
2025-01-28,TSM,198.1510467529297
2025-01-29,TSM,198.08253479003906
2025-01-30,TSM,203.7803192138672
2025-01-31,TSM,204.92579650878906
2025-02-03,TSM,195.6056365966797
2025-02-04,TSM,199.76641845703125
2025-02-05,TSM,204.1915283203125
2025-02-06,TSM,206.0810089111328
2025-02-07,TSM,201.79295349121094
2025-02-10,TSM,203.5845184326172
2025-02-11,TSM,204.3579559326172
2025-02-12,TSM,202.0474853515625
2025-02-13,TSM,197.59303283691406
2025-02-14,TSM,199.61956787109375
2025-02-18,TSM,198.4839324951172
2025-02-19,TSM,196.73150634765625
2025-02-20,TSM,195.8993377685547
2025-02-21,TSM,194.078369140625
2025-02-24,TSM,187.62672424316406
2025-02-25,TSM,185.3946075439453
2025-02-26,TSM,190.5343475341797
2025-02-27,TSM,177.2884063720703
2025-02-28,TSM,176.74017333984375
2025-03-03,TSM,169.3388671875
2025-03-04,TSM,176.22129821777344
2025-03-05,TSM,180.41143798828125
2025-03-06,TSM,172.1584014892578
2025-03-07,TSM,173.38218688964844
2025-03-10,TSM,167.06756591796875
2025-03-11,TSM,167.380859375
2025-03-12,TSM,173.45069885253906
2025-03-13,TSM,167.9878387451172
2025-03-14,TSM,170.4353485107422
2025-03-17,TSM,172.5402374267578
2025-03-18,TSM,170.15591430664062
2025-03-19,TSM,170.7750701904297
2025-03-20,TSM,174.4213409423828
2025-03-21,TSM,173.69407653808594
2025-03-24,TSM,178.04794311523438
2025-03-25,TSM,177.79241943359375
2025-03-26,TSM,170.51953125
2025-03-27,TSM,165.3498992919922
2025-03-28,TSM,162.4112548828125
2025-03-31,TSM,163.14840698242188
2025-04-01,TSM,165.74302673339844
2025-04-02,TSM,167.46295166015625
2025-04-03,TSM,154.6764678955078
2025-04-04,TSM,144.2781982421875
2025-04-07,TSM,143.65904235839844
2025-04-08,TSM,138.94146728515625
2025-04-09,TSM,156.02291870117188
2025-04-10,TSM,148.53382873535156
2025-04-11,TSM,154.38162231445312
2025-04-14,TSM,153.1628875732422
2025-04-15,TSM,154.6273193359375
2025-04-16,TSM,149.06455993652344
2025-04-17,TSM,149.1333465576172
2025-04-21,TSM,145.32000732421875
2025-04-22,TSM,148.79917907714844
2025-04-23,TSM,155.09909057617188
2025-04-24,TSM,161.35963439941406
2025-04-25,TSM,162.26385498046875
2025-04-28,TSM,160.5930633544922
2025-04-29,TSM,161.6544952392578
2025-04-30,TSM,163.8265380859375
2025-05-01,TSM,169.75294494628906
2025-05-02,TSM,176.2002410888672
2025-05-05,TSM,173.36972045898438
2025-05-06,TSM,169.32052612304688
2025-05-07,TSM,171.54168701171875
2025-05-08,TSM,172.20999145507812
2025-05-09,TSM,173.4876708984375
2025-05-12,TSM,183.76795959472656
2025-05-13,TSM,190.65757751464844
2025-05-14,TSM,191.41432189941406
2025-05-15,TSM,190.88360595703125
2025-05-16,TSM,190.88360595703125
2025-05-19,TSM,190.17599487304688
2025-05-20,TSM,190.12681579589844
2025-05-21,TSM,188.46585083007812
2025-05-22,TSM,192.8197784423828
2025-05-23,TSM,188.68209838867188
2025-05-27,TSM,194.2841796875
2025-05-28,TSM,192.77064514160156
2025-05-29,TSM,193.76327514648438
2025-05-30,TSM,189.9990692138672
2025-06-02,TSM,191.49298095703125
2025-06-03,TSM,194.2153778076172
2025-06-04,TSM,198.92308044433594
2025-06-05,TSM,199.846923828125
2025-06-06,TSM,201.6553192138672
2025-06-09,TSM,203.44407653808594
2025-06-10,TSM,208.81028747558594
2025-06-11,TSM,210.422119140625
2025-06-12,TSM,212.50343322753906
2025-06-13,TSM,208.23226928710938
2025-06-16,TSM,212.7500457763672
2025-06-17,TSM,210.9942169189453
2025-06-18,TSM,210.5996551513672
2025-06-20,TSM,206.66384887695312
2025-06-23,TSM,207.46286010742188
2025-06-24,TSM,217.10012817382812
2025-06-25,TSM,219.71414184570312
2025-06-26,TSM,220.9668731689453
2025-06-27,TSM,225.46493530273438
2025-06-30,TSM,223.41319274902344
2025-07-01,TSM,221.62777709960938
2025-07-02,TSM,230.42660522460938
2025-07-03,TSM,231.6103057861328
2025-07-07,TSM,226.05679321289062
2025-07-08,TSM,224.76458740234375
2025-07-09,TSM,228.6905059814453
2025-07-10,TSM,226.63877868652344
2025-07-11,TSM,227.2700653076172
2025-07-14,TSM,225.56358337402344
2025-07-15,TSM,233.73109436035156
2025-07-16,TSM,234.33279418945312
2025-07-17,TSM,242.2635955810547
2025-07-18,TSM,237.1342315673828
2025-07-21,TSM,235.60528564453125
2025-07-22,TSM,231.41302490234375
2025-07-23,TSM,237.06517028808594
2025-07-24,TSM,238.3179168701172
2025-07-25,TSM,242.2635955810547
2025-07-28,TSM,239.4523162841797
2025-07-29,TSM,238.05160522460938
2025-07-30,TSM,239.61012268066406
2025-07-31,TSM,238.33766174316406
2025-08-01,TSM,232.01473999023438
2025-08-04,TSM,235.75323486328125
2025-08-05,TSM,229.3119659423828
2025-08-06,TSM,228.22689819335938
2025-08-07,TSM,239.3240509033203
2025-08-08,TSM,238.5447998046875
2025-08-11,TSM,238.80126953125
2025-08-12,TSM,240.97137451171875
2025-08-13,TSM,238.16009521484375
2025-08-14,TSM,237.72608947753906
2025-08-15,TSM,235.63485717773438
2025-08-18,TSM,238.13050842285156
2025-08-19,TSM,229.53883361816406
2025-08-20,TSM,225.49452209472656
2025-08-21,TSM,224.24179077148438
2025-08-22,TSM,229.82489013671875
2025-08-25,TSM,232.38955688476562
2025-08-26,TSM,235.47705078125
2025-08-27,TSM,236.039306640625
2025-08-28,TSM,235.03317260742188
2025-08-29,TSM,227.7336883544922
2025-09-02,TSM,225.28738403320312
2025-09-03,TSM,228.2466278076172
2025-09-04,TSM,232.01473999023438
2025-09-05,TSM,240.1033477783203
2025-09-08,TSM,243.83200073242188
2025-09-09,TSM,247.51132202148438
2025-09-10,TSM,256.9019775390625
2025-09-11,TSM,255.3927764892578
2025-09-12,TSM,255.80703735351562
2025-09-15,TSM,257.8292236328125
2025-09-16,TSM,259.31549072265625
2025-09-17,TSM,260.037841796875
2025-09-18,TSM,265.82659912109375
2025-09-19,TSM,262.0960693359375
2025-09-22,TSM,269.7747802734375
2025-09-23,TSM,279.7492370605469
2025-09-24,TSM,277.7701416015625
2025-09-25,TSM,273.7625732421875
2025-09-26,TSM,270.49713134765625
2025-09-29,TSM,270.3685302734375
2025-09-30,TSM,276.3650817871094
2025-10-01,TSM,285.4488830566406
2025-10-02,TSM,285.0926513671875
2025-10-03,TSM,289.12994384765625
2025-10-06,TSM,299.2330322265625
2025-10-07,TSM,290.9506530761719
2025-10-08,TSM,301.3307800292969
2025-10-09,TSM,296.7394104003906
2025-10-10,TSM,277.720703125
2025-10-13,TSM,299.7179260253906
2025-10-14,TSM,292.8406677246094
2025-10-15,TSM,301.5188293457031
2025-10-16,TSM,296.6998596191406
2025-10-17,TSM,291.9896545410156
2025-10-20,TSM,294.582275390625
2025-10-21,TSM,291.4256591796875
2025-10-22,TSM,285.8546447753906
2025-10-23,TSM,287.68524169921875
2025-10-24,TSM,291.87091064453125
2025-10-27,TSM,295.12646484375
2025-10-28,TSM,298.37213134765625
2025-10-29,TSM,301.8948669433594
2025-10-30,TSM,300.04443359375
2025-10-31,TSM,297.2836608886719
2025-11-03,TSM,301.667236328125
2025-11-04,TSM,290.9704895019531
2025-11-05,TSM,290.5647277832031
2025-11-06,TSM,286.2108459472656
2025-11-07,TSM,283.49951171875
2025-11-10,TSM,292.1777038574219
2025-11-11,TSM,288.1206359863281
2025-11-12,TSM,287.576416015625
2025-11-13,TSM,279.24456787109375
2025-11-14,TSM,281.837158203125
2025-11-17,TSM,279.05657958984375
2025-11-18,TSM,274.9994812011719
2025-11-19,TSM,279.41278076171875
2025-11-20,TSM,274.5937805175781
2025-11-21,TSM,272.1793518066406
2025-11-24,TSM,281.65899658203125
2025-11-25,TSM,281.6986083984375
2025-11-26,TSM,286.9233093261719
2025-11-28,TSM,288.4570617675781
2025-12-01,TSM,284.66717529296875
2025-12-02,TSM,289.031005859375
2025-12-03,TSM,292.3558044433594
2025-12-04,TSM,289.8622131347656
2025-12-05,TSM,291.6334533691406
2025-12-08,TSM,298.70855712890625
2025-12-09,TSM,300.232421875
2025-12-10,TSM,306.8919677734375
2025-12-11,TSM,302.47174072265625
2025-12-12,TSM,289.76165771484375
2025-12-15,TSM,285.49517822265625
2025-12-16,TSM,284.6319885253906
2025-12-17,TSM,274.7992858886719
2025-12-18,TSM,282.4590759277344
2025-12-19,TSM,286.69573974609375
2025-12-22,TSM,290.99200439453125
2025-12-23,TSM,294.63336181640625
2025-12-24,TSM,296.4689025878906
2025-12-26,TSM,300.4773864746094
2025-12-29,TSM,298.5723876953125
2025-12-30,TSM,297.2428283691406
2025-12-31,TSM,301.51922607421875
2026-01-02,TSM,317.1165466308594
2026-01-05,TSM,319.7359619140625
2026-01-06,TSM,324.87554931640625
2026-01-07,TSM,316.19378662109375
2026-01-08,TSM,315.5290832519531
2026-01-09,TSM,321.105224609375
2026-01-12,TSM,329.18170166015625
2026-01-13,TSM,328.62603759765625
2026-01-14,TSM,324.55804443359375
2026-01-15,TSM,338.9747314453125
2026-01-16,TSM,339.7287292480469
2026-01-20,TSM,324.607666015625
2026-01-21,TSM,323.5757751464844
2026-01-22,TSM,324.8160095214844
2026-01-23,TSM,332.25750732421875
2026-01-26,TSM,330.1143798828125
2026-01-27,TSM,335.700439453125
2026-01-28,TSM,339.6295471191406
2026-01-29,TSM,336.9010009765625
2026-01-30,TSM,327.98114013671875
2026-02-02,TSM,338.6968688964844
2026-02-03,TSM,333.130615234375
2026-02-04,TSM,323.1987609863281
2026-02-05,TSM,328.1498107910156
2026-02-06,TSM,346.12847900390625
2026-02-09,TSM,352.63726806640625
2026-02-10,TSM,359.0865783691406
2026-02-11,TSM,371.1715087890625
2026-02-12,TSM,365.2283020019531
2026-02-13,TSM,363.5018615722656
2026-02-17,TSM,361.35870361328125
2026-02-18,TSM,359.433837890625
2026-02-19,TSM,357.57843017578125
2026-02-20,TSM,367.6492614746094
2026-02-23,TSM,367.15313720703125
2026-02-24,TSM,382.7405700683594
2026-02-25,TSM,384.70513916015625
2026-02-26,TSM,373.8703308105469
2026-02-27,TSM,371.65771484375
2026-03-02,TSM,366.2303771972656
2026-03-03,TSM,350.3750915527344
2026-03-04,TSM,354.6514587402344
2026-03-05,TSM,351.099365234375
2026-03-06,TSM,336.2461853027344
2026-03-09,TSM,345.9796447753906
2026-03-10,TSM,344.3821716308594
2026-03-11,TSM,351.79388427734375
2026-03-12,TSM,334.0831604003906
2026-03-13,TSM,335.670654296875
2026-03-16,TSM,337.5757141113281
2026-03-17,TSM,344.2481384277344
2026-03-18,TSM,337.8702392578125
2026-03-19,TSM,337.0941467285156
2026-03-20,TSM,327.5919189453125
2026-03-23,TSM,336.755859375
2026-03-24,TSM,341.53179931640625
2026-03-25,TSM,346.00927734375
2026-03-26,TSM,324.4775695800781
2026-03-27,TSM,325.10443115234375
2026-03-30,TSM,314.91571044921875
2026-03-31,TSM,336.25836181640625
2026-04-01,TSM,339.7806091308594
2026-04-02,TSM,337.3428955078125
2026-04-06,TSM,340.04925537109375
2026-04-07,TSM,343.5914611816406
2026-04-08,TSM,364.06842041015625
2026-04-09,TSM,363.6604919433594
2026-04-10,TSM,368.7449035644531
2026-04-13,TSM,367.7200622558594
2026-04-14,TSM,377.9884033203125
2026-04-15,TSM,373.2223815917969
2026-04-16,TSM,361.53118896484375
2026-04-17,TSM,368.6453857421875
2026-04-20,TSM,364.4067077636719
2026-04-21,TSM,366.23748779296875
2026-04-22,TSM,385.5006103515625
2026-04-23,TSM,380.7445373535156
2026-04-24,TSM,400.4454040527344
2026-04-27,TSM,402.95281982421875
2026-04-28,TSM,390.3760681152344
2026-04-29,TSM,391.8586120605469
2026-04-30,TSM,394.07745361328125
2026-05-01,TSM,395.6794128417969
2026-05-04,TSM,399.5996398925781
2026-05-05,TSM,392.43572998046875
2026-05-06,TSM,417.400146484375
2026-05-07,TSM,412.076904296875
2026-05-08,TSM,409.6192626953125
2026-05-11,TSM,402.5150146484375
2026-05-12,TSM,395.2913513183594
2026-05-13,TSM,397.7987365722656
2026-05-14,TSM,415.6290283203125
2026-05-15,TSM,402.32598876953125
2026-05-18,TSM,393.968017578125
2026-05-19,TSM,390.64471435546875
2026-05-20,TSM,399.609619140625
2026-05-21,TSM,405.1119384765625
2026-05-22,TSM,402.4951171875
2026-05-26,TSM,410.2560729980469
2026-05-27,TSM,420.61395263671875
2026-05-28,TSM,422.7332763671875
2026-05-29,TSM,416.3553771972656
2026-06-01,TSM,433.44940185546875
2026-06-02,TSM,444.4540100097656
2026-06-03,TSM,434.50408935546875
2026-06-04,TSM,442.6929016113281
2026-06-05,TSM,413.091796875
2026-06-08,TSM,424.66357421875
2026-06-09,TSM,425.7779846191406
2026-06-10,TSM,406.7039489746094
2026-06-11,TSM,419.94342041015625
2026-06-12,TSM,422.7957458496094
2026-06-15,TSM,440.2190246582031
2026-06-16,TSM,424.690673828125
2026-06-17,TSM,430.9937744140625
2026-06-18,TSM,460.8835754394531
2026-06-22,TSM,466.4187316894531
2026-06-23,TSM,435.2224426269531
2026-06-24,TSM,439.6505432128906
2026-06-25,TSM,433.826171875
2026-06-26,TSM,431.1932373046875
2026-06-29,TSM,453.88238525390625
2026-06-30,TSM,476.2922668457031
2026-07-01,TSM,443.0414733886719
2026-07-02,TSM,432.9983825683594
2026-07-06,TSM,450.58123779296875
2026-07-07,TSM,431.41265869140625
2026-07-08,TSM,435.81085205078125
2026-07-09,TSM,435.7908935546875
2026-07-10,TSM,432.9485168457031
2026-07-13,TSM,420.4520263671875
2026-07-14,TSM,419.2652587890625
2026-07-15,TSM,418.357666015625
2026-07-16,TSM,408.6437072753906
2026-07-17,TSM,397.30413818359375
2026-07-20,TSM,401.2236328125
2026-07-21,TSM,423.47393798828125
2026-07-22,TSM,420.0830383300781
2026-07-23,TSM,414.46807861328125
2026-07-24,TSM,402.3306579589844
2026-07-27,TSM,398.022216796875
2026-07-28,TSM,391.2603454589844
2026-07-29,TSM,373.6675720214844
2026-07-30,TSM,402.2309265136719
2026-07-31,TSM,403.1684265136719
2026-08-03,TSM,405.0234375
2026-08-04,TSM,416.0538635253906
2026-08-05,TSM,412.892333984375
2026-08-06,TSM,417.08111572265625
2026-08-07,TSM,418.9161682128906
2026-08-10,TSM,417.3503723144531
2026-08-11,TSM,420.9307556152344
2026-08-12,TSM,428.0018005371094
2026-08-13,TSM,429.33819580078125
2026-08-14,TSM,425.20928955078125
2026-08-17,TSM,429.8169250488281
2026-08-18,TSM,412.3039245605469
2026-08-19,TSM,410.9874267578125
2026-08-20,TSM,414.886962890625
2026-08-21,TSM,417.8291015625
2026-08-24,TSM,409.022705078125
2026-08-25,TSM,416.293212890625
2026-08-26,TSM,416.57244873046875
2026-08-27,TSM,426.15673828125
2026-08-28,TSM,416.40289306640625
2026-08-31,TSM,414.20880126953125
2026-09-01,TSM,412.892333984375
2026-09-02,TSM,414.3883056640625
2026-09-03,TSM,415.894287109375
2026-09-04,TSM,427.762451171875
2026-09-08,TSM,437.825439453125
2026-09-09,TSM,434.1951599121094
2026-09-10,TSM,426.8847961425781
2026-09-11,TSM,432.0808410644531
2026-09-14,TSM,416.8916015625
2026-09-15,TSM,412.64300537109375
2026-09-16,TSM,417.7200012207031
2026-09-17,TSM,430.260009765625
2026-09-18,TSM,434.6700134277344
2026-09-21,TSM,445.1400146484375
2026-09-22,TSM,452.0
2026-09-23,TSM,446.57000732421875
2026-09-24,TSM,451.1499938964844
2026-09-25,TSM,450.6099853515625
2026-09-28,TSM,452.8800048828125
2026-09-29,TSM,456.94000244140625
2026-09-30,TSM,456.19000244140625
2026-10-01,TSM,459.20001220703125
2026-10-02,TSM,472.7799987792969
